event_id,event_date,entity_id,source_system,event_type,severity,owner_team,impacted_metric,records_impacted,note
EVT00001,2026-01-01,ENT001,Snowflake,release_review,Critical,Merchandising,event_completeness,20215,rideshare marketplace ROI signal 1
EVT00002,2026-01-02,ENT002,Ad platform,automation_run,Low,Operations,gross_margin,22824,rideshare marketplace ROI signal 2
EVT00003,2026-01-03,ENT003,Ad platform,definition_change,Critical,Operations,event_completeness,9863,rideshare marketplace ROI signal 3
EVT00004,2026-01-04,ENT004,GA4,release_review,High,Analytics,inventory_risk,5129,rideshare marketplace ROI signal 4
EVT00005,2026-01-05,ENT005,Ad platform,automation_run,Low,Analytics,conversion_rate,52523,rideshare marketplace ROI signal 5
EVT00006,2026-01-06,ENT006,GA4,automation_run,Low,Merchandising,event_completeness,29974,rideshare marketplace ROI signal 6
EVT00007,2026-01-07,ENT007,Marketplace API,refresh_delay,Medium,Data engineering,inventory_risk,17423,rideshare marketplace ROI signal 7
EVT00008,2026-01-08,ENT008,GA4,definition_change,Critical,Merchandising,repeat_purchase,57504,rideshare marketplace ROI signal 8
EVT00009,2026-01-09,ENT009,Warehouse feed,stakeholder_request,Medium,Marketing,event_completeness,5701,rideshare marketplace ROI signal 9
EVT00010,2026-01-10,ENT010,GA4,refresh_delay,High,Data engineering,inventory_risk,46939,rideshare marketplace ROI signal 10
EVT00011,2026-01-11,ENT011,Shopify,definition_change,Low,Merchandising,conversion_rate,36477,rideshare marketplace ROI signal 11
EVT00012,2026-01-12,ENT012,Marketplace API,definition_change,Critical,Merchandising,repeat_purchase,48171,rideshare marketplace ROI signal 12
EVT00013,2026-01-13,ENT013,Ad platform,release_review,Critical,Operations,roas,1455,rideshare marketplace ROI signal 13
EVT00014,2026-01-14,ENT014,Snowflake,stakeholder_request,Medium,Marketing,conversion_rate,52057,rideshare marketplace ROI signal 14
EVT00015,2026-01-15,ENT015,Shopify,qa_failure,Critical,Growth,event_completeness,3301,rideshare marketplace ROI signal 15
EVT00016,2026-01-16,ENT016,GA4,refresh_delay,Critical,Data engineering,repeat_purchase,32265,rideshare marketplace ROI signal 16
EVT00017,2026-01-17,ENT017,Marketplace API,qa_failure,Medium,Data engineering,roas,30996,rideshare marketplace ROI signal 17
EVT00018,2026-01-18,ENT018,Marketplace API,manual_override,Critical,Analytics,inventory_risk,7281,rideshare marketplace ROI signal 18
EVT00019,2026-01-19,ENT019,Ad platform,manual_override,Critical,Operations,conversion_rate,48013,rideshare marketplace ROI signal 19
EVT00020,2026-01-20,ENT020,GA4,qa_failure,Medium,Marketing,roas,28626,rideshare marketplace ROI signal 20
EVT00021,2026-01-21,ENT021,Marketplace API,manual_override,Medium,Marketing,gross_margin,35286,rideshare marketplace ROI signal 21
EVT00022,2026-01-22,ENT022,Ad platform,qa_failure,Medium,Growth,conversion_rate,16874,rideshare marketplace ROI signal 22
EVT00023,2026-01-23,ENT023,Snowflake,manual_override,Critical,Analytics,inventory_risk,42226,rideshare marketplace ROI signal 23
EVT00024,2026-01-24,ENT024,GA4,release_review,Medium,Analytics,event_completeness,2249,rideshare marketplace ROI signal 24
EVT00025,2026-01-25,ENT001,GA4,automation_run,High,Data engineering,roas,4665,rideshare marketplace ROI signal 25
EVT00026,2026-01-26,ENT002,Snowflake,definition_change,Critical,Merchandising,repeat_purchase,40650,rideshare marketplace ROI signal 26
EVT00027,2026-01-27,ENT003,Shopify,qa_failure,Medium,Operations,repeat_purchase,33726,rideshare marketplace ROI signal 27
EVT00028,2026-01-28,ENT004,Ad platform,qa_failure,Medium,Analytics,event_completeness,21034,rideshare marketplace ROI signal 28
EVT00029,2026-01-29,ENT005,GA4,automation_run,Low,Data engineering,repeat_purchase,35859,rideshare marketplace ROI signal 29
EVT00030,2026-01-30,ENT006,Warehouse feed,qa_failure,Critical,Merchandising,roas,29424,rideshare marketplace ROI signal 30
EVT00031,2026-01-31,ENT007,Warehouse feed,release_review,Medium,Operations,conversion_rate,18780,rideshare marketplace ROI signal 31
EVT00032,2026-02-01,ENT008,GA4,definition_change,Low,Merchandising,event_completeness,29074,rideshare marketplace ROI signal 32
EVT00033,2026-02-02,ENT009,Ad platform,definition_change,High,Operations,conversion_rate,36510,rideshare marketplace ROI signal 33
EVT00034,2026-02-03,ENT010,Snowflake,refresh_delay,Low,Operations,roas,48841,rideshare marketplace ROI signal 34
EVT00035,2026-02-04,ENT011,Marketplace API,qa_failure,Low,Marketing,conversion_rate,43697,rideshare marketplace ROI signal 35
EVT00036,2026-02-05,ENT012,Warehouse feed,manual_override,Critical,Growth,repeat_purchase,42137,rideshare marketplace ROI signal 36
EVT00037,2026-02-06,ENT013,GA4,qa_failure,High,Merchandising,conversion_rate,6850,rideshare marketplace ROI signal 37
EVT00038,2026-02-07,ENT014,Snowflake,definition_change,Low,Growth,roas,19735,rideshare marketplace ROI signal 38
EVT00039,2026-02-08,ENT015,Shopify,release_review,Low,Analytics,event_completeness,15877,rideshare marketplace ROI signal 39
EVT00040,2026-02-09,ENT016,GA4,definition_change,High,Marketing,event_completeness,21661,rideshare marketplace ROI signal 40
EVT00041,2026-02-10,ENT017,Warehouse feed,stakeholder_request,Low,Merchandising,inventory_risk,30860,rideshare marketplace ROI signal 41
EVT00042,2026-02-11,ENT018,Warehouse feed,automation_run,Low,Operations,repeat_purchase,4641,rideshare marketplace ROI signal 42
EVT00043,2026-02-12,ENT019,Ad platform,refresh_delay,High,Analytics,event_completeness,30023,rideshare marketplace ROI signal 43
EVT00044,2026-02-13,ENT020,Warehouse feed,definition_change,Critical,Analytics,repeat_purchase,47002,rideshare marketplace ROI signal 44
EVT00045,2026-02-14,ENT021,Shopify,refresh_delay,Critical,Merchandising,conversion_rate,38905,rideshare marketplace ROI signal 45
EVT00046,2026-02-15,ENT022,GA4,refresh_delay,Medium,Marketing,conversion_rate,48865,rideshare marketplace ROI signal 46
EVT00047,2026-02-16,ENT023,Shopify,definition_change,Low,Analytics,inventory_risk,32004,rideshare marketplace ROI signal 47
EVT00048,2026-02-17,ENT024,Ad platform,refresh_delay,High,Operations,repeat_purchase,42233,rideshare marketplace ROI signal 48
EVT00049,2026-02-18,ENT001,Shopify,qa_failure,Critical,Merchandising,inventory_risk,23557,rideshare marketplace ROI signal 49
EVT00050,2026-02-19,ENT002,Warehouse feed,refresh_delay,Low,Growth,inventory_risk,9931,rideshare marketplace ROI signal 50
EVT00051,2026-02-20,ENT003,Warehouse feed,refresh_delay,Medium,Data engineering,inventory_risk,59852,rideshare marketplace ROI signal 51
EVT00052,2026-02-21,ENT004,Marketplace API,release_review,High,Data engineering,event_completeness,49103,rideshare marketplace ROI signal 52
EVT00053,2026-02-22,ENT005,Shopify,release_review,Critical,Data engineering,repeat_purchase,26882,rideshare marketplace ROI signal 53
EVT00054,2026-02-23,ENT006,GA4,manual_override,Low,Marketing,repeat_purchase,57131,rideshare marketplace ROI signal 54
EVT00055,2026-02-24,ENT007,Warehouse feed,refresh_delay,Medium,Growth,repeat_purchase,8332,rideshare marketplace ROI signal 55
EVT00056,2026-02-25,ENT008,Shopify,stakeholder_request,High,Growth,inventory_risk,54545,rideshare marketplace ROI signal 56
EVT00057,2026-02-26,ENT009,Warehouse feed,manual_override,High,Data engineering,conversion_rate,23150,rideshare marketplace ROI signal 57
EVT00058,2026-02-27,ENT010,Shopify,stakeholder_request,Low,Data engineering,conversion_rate,43912,rideshare marketplace ROI signal 58
EVT00059,2026-02-28,ENT011,Ad platform,stakeholder_request,Critical,Marketing,conversion_rate,32625,rideshare marketplace ROI signal 59
EVT00060,2026-03-01,ENT012,Snowflake,qa_failure,Critical,Operations,gross_margin,54468,rideshare marketplace ROI signal 60
EVT00061,2026-03-02,ENT013,GA4,qa_failure,Low,Growth,repeat_purchase,6835,rideshare marketplace ROI signal 61
EVT00062,2026-03-03,ENT014,Warehouse feed,definition_change,Critical,Growth,roas,46158,rideshare marketplace ROI signal 62
EVT00063,2026-03-04,ENT015,Ad platform,automation_run,Critical,Marketing,conversion_rate,41756,rideshare marketplace ROI signal 63
EVT00064,2026-03-05,ENT016,Shopify,qa_failure,Critical,Analytics,conversion_rate,43956,rideshare marketplace ROI signal 64
EVT00065,2026-03-06,ENT017,Snowflake,automation_run,Medium,Analytics,event_completeness,38005,rideshare marketplace ROI signal 65
EVT00066,2026-03-07,ENT018,Warehouse feed,qa_failure,High,Analytics,roas,21209,rideshare marketplace ROI signal 66
EVT00067,2026-03-08,ENT019,GA4,refresh_delay,High,Marketing,conversion_rate,17064,rideshare marketplace ROI signal 67
EVT00068,2026-03-09,ENT020,GA4,release_review,Low,Data engineering,roas,57809,rideshare marketplace ROI signal 68
EVT00069,2026-03-10,ENT021,Snowflake,qa_failure,High,Merchandising,gross_margin,59182,rideshare marketplace ROI signal 69
EVT00070,2026-03-11,ENT022,Snowflake,release_review,Low,Marketing,repeat_purchase,13032,rideshare marketplace ROI signal 70
EVT00071,2026-03-12,ENT023,Snowflake,release_review,High,Data engineering,repeat_purchase,40160,rideshare marketplace ROI signal 71
EVT00072,2026-03-13,ENT024,Snowflake,stakeholder_request,Medium,Growth,roas,13559,rideshare marketplace ROI signal 72
EVT00073,2026-03-14,ENT001,Snowflake,stakeholder_request,High,Merchandising,inventory_risk,41445,rideshare marketplace ROI signal 73
EVT00074,2026-03-15,ENT002,Ad platform,definition_change,High,Growth,event_completeness,35896,rideshare marketplace ROI signal 74
EVT00075,2026-03-16,ENT003,Warehouse feed,stakeholder_request,High,Operations,gross_margin,30386,rideshare marketplace ROI signal 75
EVT00076,2026-03-17,ENT004,Snowflake,release_review,Low,Merchandising,inventory_risk,38645,rideshare marketplace ROI signal 76
EVT00077,2026-03-18,ENT005,Shopify,definition_change,Critical,Growth,inventory_risk,25945,rideshare marketplace ROI signal 77
EVT00078,2026-03-19,ENT006,Snowflake,definition_change,Medium,Operations,event_completeness,8403,rideshare marketplace ROI signal 78
EVT00079,2026-03-20,ENT007,Marketplace API,stakeholder_request,Low,Marketing,conversion_rate,59406,rideshare marketplace ROI signal 79
EVT00080,2026-03-21,ENT008,Marketplace API,automation_run,Medium,Merchandising,event_completeness,42283,rideshare marketplace ROI signal 80
EVT00081,2026-03-22,ENT009,Snowflake,manual_override,Low,Marketing,inventory_risk,60841,rideshare marketplace ROI signal 81
EVT00082,2026-03-23,ENT010,Snowflake,stakeholder_request,High,Marketing,inventory_risk,47747,rideshare marketplace ROI signal 82
EVT00083,2026-03-24,ENT011,Shopify,stakeholder_request,Medium,Analytics,conversion_rate,3445,rideshare marketplace ROI signal 83
EVT00084,2026-03-25,ENT012,Warehouse feed,refresh_delay,Low,Data engineering,conversion_rate,19406,rideshare marketplace ROI signal 84
EVT00085,2026-03-26,ENT013,GA4,qa_failure,Medium,Marketing,conversion_rate,33658,rideshare marketplace ROI signal 85
EVT00086,2026-03-27,ENT014,GA4,manual_override,Medium,Analytics,gross_margin,8658,rideshare marketplace ROI signal 86
EVT00087,2026-03-28,ENT015,Snowflake,qa_failure,High,Operations,conversion_rate,20572,rideshare marketplace ROI signal 87
EVT00088,2026-03-29,ENT016,Shopify,release_review,High,Merchandising,event_completeness,33116,rideshare marketplace ROI signal 88
EVT00089,2026-03-30,ENT017,Snowflake,definition_change,Medium,Growth,event_completeness,18800,rideshare marketplace ROI signal 89
EVT00090,2026-03-31,ENT018,Warehouse feed,qa_failure,High,Operations,roas,2314,rideshare marketplace ROI signal 90
EVT00091,2026-04-01,ENT019,Snowflake,definition_change,Critical,Growth,roas,55741,rideshare marketplace ROI signal 91
EVT00092,2026-04-02,ENT020,Ad platform,release_review,Low,Operations,gross_margin,61559,rideshare marketplace ROI signal 92
EVT00093,2026-04-03,ENT021,Ad platform,stakeholder_request,Low,Operations,roas,24690,rideshare marketplace ROI signal 93
EVT00094,2026-04-04,ENT022,Warehouse feed,refresh_delay,Medium,Operations,gross_margin,36000,rideshare marketplace ROI signal 94
EVT00095,2026-04-05,ENT023,Warehouse feed,manual_override,Medium,Analytics,gross_margin,46940,rideshare marketplace ROI signal 95
EVT00096,2026-04-06,ENT024,Ad platform,release_review,Medium,Analytics,gross_margin,19111,rideshare marketplace ROI signal 96
EVT00097,2026-04-07,ENT001,Warehouse feed,manual_override,Low,Merchandising,event_completeness,8176,rideshare marketplace ROI signal 97
EVT00098,2026-04-08,ENT002,GA4,refresh_delay,Low,Analytics,inventory_risk,12977,rideshare marketplace ROI signal 98
EVT00099,2026-04-09,ENT003,Warehouse feed,stakeholder_request,Medium,Merchandising,inventory_risk,26737,rideshare marketplace ROI signal 99
EVT00100,2026-04-10,ENT004,Marketplace API,refresh_delay,High,Data engineering,conversion_rate,13836,rideshare marketplace ROI signal 100
EVT00101,2026-04-11,ENT005,Marketplace API,refresh_delay,Critical,Growth,conversion_rate,32250,rideshare marketplace ROI signal 101
EVT00102,2026-04-12,ENT006,Shopify,manual_override,High,Data engineering,repeat_purchase,30624,rideshare marketplace ROI signal 102
EVT00103,2026-04-13,ENT007,Marketplace API,manual_override,Medium,Analytics,inventory_risk,57288,rideshare marketplace ROI signal 103
EVT00104,2026-04-14,ENT008,Snowflake,automation_run,High,Merchandising,conversion_rate,35558,rideshare marketplace ROI signal 104
EVT00105,2026-04-15,ENT009,GA4,release_review,Low,Growth,conversion_rate,9314,rideshare marketplace ROI signal 105
EVT00106,2026-04-16,ENT010,GA4,manual_override,Medium,Analytics,event_completeness,47197,rideshare marketplace ROI signal 106
EVT00107,2026-04-17,ENT011,Ad platform,refresh_delay,Medium,Merchandising,repeat_purchase,60748,rideshare marketplace ROI signal 107
EVT00108,2026-04-18,ENT012,GA4,release_review,High,Data engineering,repeat_purchase,4157,rideshare marketplace ROI signal 108
EVT00109,2026-04-19,ENT013,Shopify,qa_failure,Critical,Marketing,event_completeness,21583,rideshare marketplace ROI signal 109
EVT00110,2026-04-20,ENT014,Marketplace API,qa_failure,Low,Marketing,conversion_rate,32771,rideshare marketplace ROI signal 110
EVT00111,2026-04-21,ENT015,Shopify,stakeholder_request,Medium,Marketing,event_completeness,40904,rideshare marketplace ROI signal 111
EVT00112,2026-04-22,ENT016,Ad platform,release_review,Low,Analytics,event_completeness,54141,rideshare marketplace ROI signal 112
EVT00113,2026-04-23,ENT017,Snowflake,definition_change,High,Marketing,conversion_rate,41111,rideshare marketplace ROI signal 113
EVT00114,2026-04-24,ENT018,Warehouse feed,refresh_delay,Medium,Operations,inventory_risk,46591,rideshare marketplace ROI signal 114
EVT00115,2026-04-25,ENT019,Snowflake,automation_run,Critical,Marketing,event_completeness,14303,rideshare marketplace ROI signal 115
EVT00116,2026-04-26,ENT020,Snowflake,manual_override,Low,Analytics,conversion_rate,1934,rideshare marketplace ROI signal 116
EVT00117,2026-04-27,ENT021,Snowflake,stakeholder_request,High,Growth,repeat_purchase,41030,rideshare marketplace ROI signal 117
EVT00118,2026-04-28,ENT022,GA4,release_review,Low,Marketing,roas,54897,rideshare marketplace ROI signal 118
EVT00119,2026-04-29,ENT023,Shopify,automation_run,Low,Growth,conversion_rate,22721,rideshare marketplace ROI signal 119
EVT00120,2026-04-30,ENT024,Warehouse feed,manual_override,High,Operations,conversion_rate,41032,rideshare marketplace ROI signal 120
EVT00121,2026-01-01,ENT001,Warehouse feed,definition_change,Critical,Marketing,repeat_purchase,2207,rideshare marketplace ROI signal 121
EVT00122,2026-01-02,ENT002,Ad platform,qa_failure,Low,Data engineering,event_completeness,47010,rideshare marketplace ROI signal 122
EVT00123,2026-01-03,ENT003,GA4,manual_override,Low,Marketing,gross_margin,41040,rideshare marketplace ROI signal 123
EVT00124,2026-01-04,ENT004,Marketplace API,definition_change,High,Merchandising,inventory_risk,123,rideshare marketplace ROI signal 124
EVT00125,2026-01-05,ENT005,Ad platform,stakeholder_request,Critical,Merchandising,repeat_purchase,1244,rideshare marketplace ROI signal 125
EVT00126,2026-01-06,ENT006,Ad platform,release_review,High,Analytics,event_completeness,15836,rideshare marketplace ROI signal 126
EVT00127,2026-01-07,ENT007,Marketplace API,stakeholder_request,High,Marketing,gross_margin,28460,rideshare marketplace ROI signal 127
EVT00128,2026-01-08,ENT008,Shopify,manual_override,High,Operations,conversion_rate,15002,rideshare marketplace ROI signal 128
EVT00129,2026-01-09,ENT009,Warehouse feed,release_review,Medium,Analytics,repeat_purchase,7971,rideshare marketplace ROI signal 129
EVT00130,2026-01-10,ENT010,Ad platform,manual_override,Critical,Marketing,roas,50715,rideshare marketplace ROI signal 130
EVT00131,2026-01-11,ENT011,Snowflake,qa_failure,Critical,Marketing,inventory_risk,61037,rideshare marketplace ROI signal 131
EVT00132,2026-01-12,ENT012,GA4,definition_change,Critical,Data engineering,roas,11350,rideshare marketplace ROI signal 132
EVT00133,2026-01-13,ENT013,Warehouse feed,manual_override,High,Analytics,inventory_risk,12178,rideshare marketplace ROI signal 133
EVT00134,2026-01-14,ENT014,GA4,stakeholder_request,Medium,Data engineering,event_completeness,46790,rideshare marketplace ROI signal 134
EVT00135,2026-01-15,ENT015,Ad platform,refresh_delay,Critical,Merchandising,inventory_risk,49769,rideshare marketplace ROI signal 135
EVT00136,2026-01-16,ENT016,GA4,stakeholder_request,Critical,Analytics,conversion_rate,43539,rideshare marketplace ROI signal 136
EVT00137,2026-01-17,ENT017,Snowflake,stakeholder_request,Low,Data engineering,roas,45768,rideshare marketplace ROI signal 137
EVT00138,2026-01-18,ENT018,Warehouse feed,automation_run,Medium,Analytics,repeat_purchase,22505,rideshare marketplace ROI signal 138
EVT00139,2026-01-19,ENT019,Marketplace API,automation_run,Low,Growth,gross_margin,35830,rideshare marketplace ROI signal 139
EVT00140,2026-01-20,ENT020,GA4,refresh_delay,Medium,Merchandising,event_completeness,2062,rideshare marketplace ROI signal 140
EVT00141,2026-01-21,ENT021,Warehouse feed,release_review,Low,Operations,repeat_purchase,38349,rideshare marketplace ROI signal 141
EVT00142,2026-01-22,ENT022,GA4,qa_failure,Critical,Operations,inventory_risk,53639,rideshare marketplace ROI signal 142
EVT00143,2026-01-23,ENT023,Snowflake,release_review,Critical,Data engineering,conversion_rate,9360,rideshare marketplace ROI signal 143
EVT00144,2026-01-24,ENT024,Ad platform,stakeholder_request,Low,Marketing,repeat_purchase,53054,rideshare marketplace ROI signal 144
EVT00145,2026-01-25,ENT001,Ad platform,release_review,High,Operations,event_completeness,2072,rideshare marketplace ROI signal 145
EVT00146,2026-01-26,ENT002,GA4,definition_change,Low,Merchandising,inventory_risk,9789,rideshare marketplace ROI signal 146
EVT00147,2026-01-27,ENT003,Ad platform,release_review,High,Growth,roas,57504,rideshare marketplace ROI signal 147
EVT00148,2026-01-28,ENT004,Ad platform,manual_override,Low,Operations,roas,12604,rideshare marketplace ROI signal 148
EVT00149,2026-01-29,ENT005,Ad platform,automation_run,Low,Marketing,roas,49905,rideshare marketplace ROI signal 149
EVT00150,2026-01-30,ENT006,Warehouse feed,release_review,High,Data engineering,event_completeness,22938,rideshare marketplace ROI signal 150
EVT00151,2026-01-31,ENT007,Shopify,automation_run,Critical,Merchandising,roas,36022,rideshare marketplace ROI signal 151
EVT00152,2026-02-01,ENT008,GA4,release_review,High,Growth,gross_margin,10932,rideshare marketplace ROI signal 152
EVT00153,2026-02-02,ENT009,Shopify,qa_failure,Critical,Merchandising,roas,61431,rideshare marketplace ROI signal 153
EVT00154,2026-02-03,ENT010,Ad platform,stakeholder_request,Critical,Data engineering,gross_margin,14769,rideshare marketplace ROI signal 154
EVT00155,2026-02-04,ENT011,Snowflake,definition_change,High,Merchandising,inventory_risk,3954,rideshare marketplace ROI signal 155
EVT00156,2026-02-05,ENT012,Ad platform,refresh_delay,Low,Data engineering,conversion_rate,29394,rideshare marketplace ROI signal 156
EVT00157,2026-02-06,ENT013,Marketplace API,release_review,Critical,Analytics,roas,49734,rideshare marketplace ROI signal 157
EVT00158,2026-02-07,ENT014,Ad platform,refresh_delay,High,Growth,conversion_rate,18046,rideshare marketplace ROI signal 158
EVT00159,2026-02-08,ENT015,Ad platform,stakeholder_request,Low,Operations,repeat_purchase,57916,rideshare marketplace ROI signal 159
EVT00160,2026-02-09,ENT016,Warehouse feed,definition_change,High,Merchandising,conversion_rate,45610,rideshare marketplace ROI signal 160
EVT00161,2026-02-10,ENT017,Shopify,qa_failure,Medium,Growth,inventory_risk,51853,rideshare marketplace ROI signal 161
EVT00162,2026-02-11,ENT018,Ad platform,automation_run,Critical,Merchandising,roas,52536,rideshare marketplace ROI signal 162
EVT00163,2026-02-12,ENT019,Snowflake,qa_failure,Medium,Growth,inventory_risk,61800,rideshare marketplace ROI signal 163
EVT00164,2026-02-13,ENT020,Snowflake,qa_failure,Medium,Growth,conversion_rate,43029,rideshare marketplace ROI signal 164
EVT00165,2026-02-14,ENT021,GA4,stakeholder_request,Low,Analytics,repeat_purchase,38606,rideshare marketplace ROI signal 165
EVT00166,2026-02-15,ENT022,Snowflake,definition_change,Critical,Growth,repeat_purchase,51300,rideshare marketplace ROI signal 166
EVT00167,2026-02-16,ENT023,GA4,refresh_delay,Medium,Merchandising,roas,15607,rideshare marketplace ROI signal 167
EVT00168,2026-02-17,ENT024,Ad platform,definition_change,High,Merchandising,event_completeness,8873,rideshare marketplace ROI signal 168
EVT00169,2026-02-18,ENT001,Marketplace API,manual_override,Medium,Analytics,inventory_risk,29700,rideshare marketplace ROI signal 169
EVT00170,2026-02-19,ENT002,GA4,release_review,High,Data engineering,roas,23250,rideshare marketplace ROI signal 170
EVT00171,2026-02-20,ENT003,Marketplace API,qa_failure,Low,Merchandising,gross_margin,9802,rideshare marketplace ROI signal 171
EVT00172,2026-02-21,ENT004,GA4,refresh_delay,High,Growth,gross_margin,44406,rideshare marketplace ROI signal 172
EVT00173,2026-02-22,ENT005,GA4,automation_run,Low,Growth,conversion_rate,42289,rideshare marketplace ROI signal 173
EVT00174,2026-02-23,ENT006,Snowflake,stakeholder_request,Medium,Operations,inventory_risk,18171,rideshare marketplace ROI signal 174
EVT00175,2026-02-24,ENT007,Shopify,automation_run,Low,Data engineering,inventory_risk,13132,rideshare marketplace ROI signal 175
EVT00176,2026-02-25,ENT008,GA4,definition_change,Critical,Growth,gross_margin,29762,rideshare marketplace ROI signal 176
EVT00177,2026-02-26,ENT009,GA4,stakeholder_request,Low,Growth,gross_margin,58897,rideshare marketplace ROI signal 177
EVT00178,2026-02-27,ENT010,Marketplace API,release_review,High,Marketing,gross_margin,18141,rideshare marketplace ROI signal 178
EVT00179,2026-02-28,ENT011,Snowflake,definition_change,High,Growth,conversion_rate,51645,rideshare marketplace ROI signal 179
EVT00180,2026-03-01,ENT012,Ad platform,definition_change,Critical,Marketing,repeat_purchase,20852,rideshare marketplace ROI signal 180
EVT00181,2026-03-02,ENT013,Ad platform,refresh_delay,Low,Growth,inventory_risk,14709,rideshare marketplace ROI signal 181
EVT00182,2026-03-03,ENT014,Marketplace API,release_review,Low,Data engineering,roas,3260,rideshare marketplace ROI signal 182
EVT00183,2026-03-04,ENT015,GA4,qa_failure,Medium,Marketing,conversion_rate,35238,rideshare marketplace ROI signal 183
EVT00184,2026-03-05,ENT016,Ad platform,stakeholder_request,Low,Merchandising,gross_margin,14898,rideshare marketplace ROI signal 184
EVT00185,2026-03-06,ENT017,Shopify,qa_failure,Medium,Operations,gross_margin,52125,rideshare marketplace ROI signal 185
EVT00186,2026-03-07,ENT018,Snowflake,release_review,High,Growth,event_completeness,5757,rideshare marketplace ROI signal 186
EVT00187,2026-03-08,ENT019,Ad platform,stakeholder_request,High,Operations,conversion_rate,37386,rideshare marketplace ROI signal 187
EVT00188,2026-03-09,ENT020,Snowflake,qa_failure,Low,Operations,gross_margin,14226,rideshare marketplace ROI signal 188
EVT00189,2026-03-10,ENT021,Warehouse feed,manual_override,High,Growth,gross_margin,50990,rideshare marketplace ROI signal 189
EVT00190,2026-03-11,ENT022,Marketplace API,manual_override,Medium,Marketing,gross_margin,28527,rideshare marketplace ROI signal 190
EVT00191,2026-03-12,ENT023,Snowflake,stakeholder_request,High,Growth,conversion_rate,36473,rideshare marketplace ROI signal 191
EVT00192,2026-03-13,ENT024,GA4,refresh_delay,Critical,Analytics,event_completeness,16458,rideshare marketplace ROI signal 192
EVT00193,2026-03-14,ENT001,Snowflake,stakeholder_request,High,Operations,conversion_rate,45832,rideshare marketplace ROI signal 193
EVT00194,2026-03-15,ENT002,Shopify,automation_run,Critical,Operations,inventory_risk,14022,rideshare marketplace ROI signal 194
EVT00195,2026-03-16,ENT003,Marketplace API,refresh_delay,Medium,Operations,gross_margin,48335,rideshare marketplace ROI signal 195
EVT00196,2026-03-17,ENT004,Shopify,qa_failure,Medium,Data engineering,conversion_rate,55067,rideshare marketplace ROI signal 196
EVT00197,2026-03-18,ENT005,Snowflake,stakeholder_request,Medium,Operations,roas,42722,rideshare marketplace ROI signal 197
EVT00198,2026-03-19,ENT006,GA4,release_review,Medium,Merchandising,gross_margin,49421,rideshare marketplace ROI signal 198
EVT00199,2026-03-20,ENT007,Snowflake,qa_failure,High,Marketing,gross_margin,30272,rideshare marketplace ROI signal 199
EVT00200,2026-03-21,ENT008,Shopify,manual_override,Low,Analytics,event_completeness,42377,rideshare marketplace ROI signal 200
EVT00201,2026-03-22,ENT009,Ad platform,manual_override,High,Marketing,conversion_rate,41425,rideshare marketplace ROI signal 201
EVT00202,2026-03-23,ENT010,Snowflake,qa_failure,Low,Analytics,conversion_rate,2408,rideshare marketplace ROI signal 202
EVT00203,2026-03-24,ENT011,Shopify,stakeholder_request,Critical,Analytics,gross_margin,52324,rideshare marketplace ROI signal 203
EVT00204,2026-03-25,ENT012,GA4,release_review,High,Marketing,inventory_risk,34775,rideshare marketplace ROI signal 204
EVT00205,2026-03-26,ENT013,Snowflake,definition_change,High,Growth,repeat_purchase,14944,rideshare marketplace ROI signal 205
EVT00206,2026-03-27,ENT014,Ad platform,release_review,Medium,Operations,inventory_risk,12975,rideshare marketplace ROI signal 206
EVT00207,2026-03-28,ENT015,Ad platform,refresh_delay,Critical,Marketing,conversion_rate,54096,rideshare marketplace ROI signal 207
EVT00208,2026-03-29,ENT016,Warehouse feed,qa_failure,High,Analytics,gross_margin,52474,rideshare marketplace ROI signal 208
EVT00209,2026-03-30,ENT017,Snowflake,refresh_delay,Low,Marketing,roas,32381,rideshare marketplace ROI signal 209
EVT00210,2026-03-31,ENT018,Snowflake,refresh_delay,Low,Merchandising,conversion_rate,43986,rideshare marketplace ROI signal 210
EVT00211,2026-04-01,ENT019,Shopify,qa_failure,Low,Growth,conversion_rate,54767,rideshare marketplace ROI signal 211
EVT00212,2026-04-02,ENT020,Warehouse feed,definition_change,Medium,Marketing,inventory_risk,11609,rideshare marketplace ROI signal 212
EVT00213,2026-04-03,ENT021,Marketplace API,qa_failure,Critical,Growth,repeat_purchase,29313,rideshare marketplace ROI signal 213
EVT00214,2026-04-04,ENT022,GA4,release_review,High,Operations,inventory_risk,39863,rideshare marketplace ROI signal 214
EVT00215,2026-04-05,ENT023,Ad platform,definition_change,High,Data engineering,repeat_purchase,10625,rideshare marketplace ROI signal 215
EVT00216,2026-04-06,ENT024,Marketplace API,refresh_delay,Low,Growth,event_completeness,16556,rideshare marketplace ROI signal 216
EVT00217,2026-04-07,ENT001,Marketplace API,definition_change,Low,Merchandising,roas,31363,rideshare marketplace ROI signal 217
EVT00218,2026-04-08,ENT002,Shopify,definition_change,High,Merchandising,roas,11682,rideshare marketplace ROI signal 218
EVT00219,2026-04-09,ENT003,Ad platform,qa_failure,Critical,Data engineering,repeat_purchase,1831,rideshare marketplace ROI signal 219
EVT00220,2026-04-10,ENT004,GA4,refresh_delay,Critical,Growth,roas,20890,rideshare marketplace ROI signal 220
EVT00221,2026-04-11,ENT005,Ad platform,qa_failure,Critical,Operations,roas,25290,rideshare marketplace ROI signal 221
EVT00222,2026-04-12,ENT006,Ad platform,automation_run,Critical,Analytics,conversion_rate,48673,rideshare marketplace ROI signal 222
EVT00223,2026-04-13,ENT007,Ad platform,stakeholder_request,High,Data engineering,inventory_risk,4743,rideshare marketplace ROI signal 223
EVT00224,2026-04-14,ENT008,Marketplace API,qa_failure,High,Marketing,event_completeness,34491,rideshare marketplace ROI signal 224
EVT00225,2026-04-15,ENT009,Marketplace API,manual_override,Medium,Growth,repeat_purchase,35361,rideshare marketplace ROI signal 225
EVT00226,2026-04-16,ENT010,Snowflake,refresh_delay,High,Merchandising,inventory_risk,8223,rideshare marketplace ROI signal 226
EVT00227,2026-04-17,ENT011,GA4,automation_run,Medium,Operations,event_completeness,55441,rideshare marketplace ROI signal 227
EVT00228,2026-04-18,ENT012,Marketplace API,definition_change,High,Data engineering,event_completeness,9154,rideshare marketplace ROI signal 228
EVT00229,2026-04-19,ENT013,GA4,qa_failure,Critical,Operations,conversion_rate,33180,rideshare marketplace ROI signal 229
EVT00230,2026-04-20,ENT014,Ad platform,release_review,Critical,Operations,inventory_risk,61911,rideshare marketplace ROI signal 230
EVT00231,2026-04-21,ENT015,Warehouse feed,manual_override,Medium,Data engineering,event_completeness,60779,rideshare marketplace ROI signal 231
EVT00232,2026-04-22,ENT016,Ad platform,qa_failure,Medium,Merchandising,gross_margin,22462,rideshare marketplace ROI signal 232
EVT00233,2026-04-23,ENT017,Ad platform,stakeholder_request,Critical,Growth,inventory_risk,52799,rideshare marketplace ROI signal 233
EVT00234,2026-04-24,ENT018,Warehouse feed,refresh_delay,High,Marketing,event_completeness,52394,rideshare marketplace ROI signal 234
EVT00235,2026-04-25,ENT019,GA4,stakeholder_request,High,Operations,repeat_purchase,651,rideshare marketplace ROI signal 235
EVT00236,2026-04-26,ENT020,Shopify,qa_failure,Medium,Data engineering,roas,16201,rideshare marketplace ROI signal 236
EVT00237,2026-04-27,ENT021,Ad platform,manual_override,Medium,Data engineering,inventory_risk,15323,rideshare marketplace ROI signal 237
EVT00238,2026-04-28,ENT022,Shopify,automation_run,High,Merchandising,conversion_rate,16203,rideshare marketplace ROI signal 238
EVT00239,2026-04-29,ENT023,GA4,automation_run,Critical,Data engineering,event_completeness,25672,rideshare marketplace ROI signal 239
EVT00240,2026-04-30,ENT024,Warehouse feed,qa_failure,High,Merchandising,event_completeness,18968,rideshare marketplace ROI signal 240
EVT00241,2026-01-01,ENT001,Snowflake,refresh_delay,High,Data engineering,event_completeness,6709,rideshare marketplace ROI signal 241
EVT00242,2026-01-02,ENT002,Snowflake,automation_run,Low,Operations,event_completeness,13186,rideshare marketplace ROI signal 242
EVT00243,2026-01-03,ENT003,Snowflake,automation_run,Low,Analytics,gross_margin,16456,rideshare marketplace ROI signal 243
EVT00244,2026-01-04,ENT004,GA4,definition_change,Low,Operations,conversion_rate,47273,rideshare marketplace ROI signal 244
EVT00245,2026-01-05,ENT005,Ad platform,definition_change,High,Growth,event_completeness,17156,rideshare marketplace ROI signal 245
EVT00246,2026-01-06,ENT006,Warehouse feed,release_review,High,Growth,repeat_purchase,6316,rideshare marketplace ROI signal 246
EVT00247,2026-01-07,ENT007,Marketplace API,release_review,High,Marketing,conversion_rate,29906,rideshare marketplace ROI signal 247
EVT00248,2026-01-08,ENT008,Snowflake,release_review,Medium,Analytics,roas,57000,rideshare marketplace ROI signal 248
EVT00249,2026-01-09,ENT009,GA4,stakeholder_request,High,Merchandising,repeat_purchase,9737,rideshare marketplace ROI signal 249
EVT00250,2026-01-10,ENT010,Snowflake,qa_failure,Low,Operations,inventory_risk,39746,rideshare marketplace ROI signal 250
EVT00251,2026-01-11,ENT011,Ad platform,qa_failure,Low,Analytics,conversion_rate,21178,rideshare marketplace ROI signal 251
EVT00252,2026-01-12,ENT012,Warehouse feed,release_review,High,Growth,event_completeness,7203,rideshare marketplace ROI signal 252
EVT00253,2026-01-13,ENT013,Warehouse feed,automation_run,Critical,Operations,repeat_purchase,8400,rideshare marketplace ROI signal 253
EVT00254,2026-01-14,ENT014,Snowflake,automation_run,Critical,Growth,repeat_purchase,33393,rideshare marketplace ROI signal 254
EVT00255,2026-01-15,ENT015,Snowflake,stakeholder_request,Medium,Merchandising,event_completeness,18829,rideshare marketplace ROI signal 255
EVT00256,2026-01-16,ENT016,GA4,definition_change,Medium,Marketing,inventory_risk,36220,rideshare marketplace ROI signal 256
EVT00257,2026-01-17,ENT017,Snowflake,definition_change,Critical,Merchandising,conversion_rate,19409,rideshare marketplace ROI signal 257
EVT00258,2026-01-18,ENT018,Snowflake,refresh_delay,Critical,Merchandising,gross_margin,61710,rideshare marketplace ROI signal 258
EVT00259,2026-01-19,ENT019,Ad platform,qa_failure,Low,Marketing,conversion_rate,9462,rideshare marketplace ROI signal 259
EVT00260,2026-01-20,ENT020,Marketplace API,automation_run,Critical,Marketing,conversion_rate,6424,rideshare marketplace ROI signal 260
EVT00261,2026-01-21,ENT021,GA4,automation_run,Critical,Merchandising,roas,34129,rideshare marketplace ROI signal 261
EVT00262,2026-01-22,ENT022,Ad platform,refresh_delay,High,Merchandising,repeat_purchase,1074,rideshare marketplace ROI signal 262
EVT00263,2026-01-23,ENT023,Shopify,refresh_delay,Low,Merchandising,gross_margin,27664,rideshare marketplace ROI signal 263
EVT00264,2026-01-24,ENT024,Ad platform,definition_change,High,Merchandising,inventory_risk,28957,rideshare marketplace ROI signal 264
EVT00265,2026-01-25,ENT001,Ad platform,stakeholder_request,Low,Data engineering,repeat_purchase,51174,rideshare marketplace ROI signal 265
EVT00266,2026-01-26,ENT002,Ad platform,manual_override,Critical,Operations,repeat_purchase,33222,rideshare marketplace ROI signal 266
EVT00267,2026-01-27,ENT003,Ad platform,qa_failure,Critical,Merchandising,conversion_rate,17408,rideshare marketplace ROI signal 267
EVT00268,2026-01-28,ENT004,Warehouse feed,automation_run,High,Analytics,roas,47210,rideshare marketplace ROI signal 268
EVT00269,2026-01-29,ENT005,Marketplace API,stakeholder_request,High,Marketing,event_completeness,55955,rideshare marketplace ROI signal 269
EVT00270,2026-01-30,ENT006,Snowflake,definition_change,Medium,Growth,inventory_risk,21498,rideshare marketplace ROI signal 270
EVT00271,2026-01-31,ENT007,Ad platform,release_review,High,Marketing,event_completeness,22699,rideshare marketplace ROI signal 271
EVT00272,2026-02-01,ENT008,Warehouse feed,release_review,Medium,Merchandising,inventory_risk,28440,rideshare marketplace ROI signal 272
EVT00273,2026-02-02,ENT009,Shopify,release_review,Low,Marketing,roas,19588,rideshare marketplace ROI signal 273
EVT00274,2026-02-03,ENT010,Warehouse feed,stakeholder_request,Medium,Data engineering,event_completeness,53018,rideshare marketplace ROI signal 274
EVT00275,2026-02-04,ENT011,Warehouse feed,stakeholder_request,High,Data engineering,repeat_purchase,25738,rideshare marketplace ROI signal 275
EVT00276,2026-02-05,ENT012,Ad platform,refresh_delay,High,Analytics,conversion_rate,19811,rideshare marketplace ROI signal 276
EVT00277,2026-02-06,ENT013,GA4,stakeholder_request,Medium,Merchandising,roas,41120,rideshare marketplace ROI signal 277
EVT00278,2026-02-07,ENT014,Ad platform,qa_failure,Critical,Merchandising,repeat_purchase,39582,rideshare marketplace ROI signal 278
EVT00279,2026-02-08,ENT015,Ad platform,manual_override,Medium,Data engineering,inventory_risk,52351,rideshare marketplace ROI signal 279
EVT00280,2026-02-09,ENT016,Ad platform,stakeholder_request,Critical,Marketing,event_completeness,6895,rideshare marketplace ROI signal 280
EVT00281,2026-02-10,ENT017,Shopify,qa_failure,Medium,Marketing,gross_margin,13330,rideshare marketplace ROI signal 281
EVT00282,2026-02-11,ENT018,Ad platform,release_review,Low,Growth,inventory_risk,50670,rideshare marketplace ROI signal 282
EVT00283,2026-02-12,ENT019,Warehouse feed,definition_change,Medium,Analytics,inventory_risk,48887,rideshare marketplace ROI signal 283
EVT00284,2026-02-13,ENT020,Shopify,qa_failure,Medium,Analytics,inventory_risk,8450,rideshare marketplace ROI signal 284
EVT00285,2026-02-14,ENT021,Snowflake,qa_failure,High,Merchandising,gross_margin,51583,rideshare marketplace ROI signal 285
EVT00286,2026-02-15,ENT022,Marketplace API,refresh_delay,Low,Growth,roas,15068,rideshare marketplace ROI signal 286
EVT00287,2026-02-16,ENT023,GA4,qa_failure,Low,Operations,roas,26381,rideshare marketplace ROI signal 287
EVT00288,2026-02-17,ENT024,Warehouse feed,qa_failure,Critical,Operations,conversion_rate,35625,rideshare marketplace ROI signal 288
EVT00289,2026-02-18,ENT001,Ad platform,definition_change,Low,Operations,conversion_rate,12442,rideshare marketplace ROI signal 289
EVT00290,2026-02-19,ENT002,GA4,refresh_delay,Medium,Operations,repeat_purchase,30619,rideshare marketplace ROI signal 290
EVT00291,2026-02-20,ENT003,GA4,stakeholder_request,Medium,Data engineering,repeat_purchase,38162,rideshare marketplace ROI signal 291
EVT00292,2026-02-21,ENT004,Ad platform,stakeholder_request,High,Data engineering,roas,39552,rideshare marketplace ROI signal 292
EVT00293,2026-02-22,ENT005,Snowflake,release_review,Critical,Operations,roas,23235,rideshare marketplace ROI signal 293
EVT00294,2026-02-23,ENT006,Warehouse feed,automation_run,High,Merchandising,conversion_rate,42607,rideshare marketplace ROI signal 294
EVT00295,2026-02-24,ENT007,GA4,stakeholder_request,Critical,Marketing,event_completeness,52879,rideshare marketplace ROI signal 295
EVT00296,2026-02-25,ENT008,Snowflake,release_review,Critical,Marketing,roas,33234,rideshare marketplace ROI signal 296
EVT00297,2026-02-26,ENT009,Shopify,automation_run,Medium,Data engineering,event_completeness,39393,rideshare marketplace ROI signal 297
EVT00298,2026-02-27,ENT010,GA4,release_review,High,Growth,conversion_rate,6321,rideshare marketplace ROI signal 298
EVT00299,2026-02-28,ENT011,Marketplace API,automation_run,Medium,Analytics,event_completeness,32812,rideshare marketplace ROI signal 299
EVT00300,2026-03-01,ENT012,Snowflake,release_review,Low,Marketing,event_completeness,15895,rideshare marketplace ROI signal 300
EVT00301,2026-03-02,ENT013,Marketplace API,definition_change,Critical,Growth,repeat_purchase,40911,rideshare marketplace ROI signal 301
EVT00302,2026-03-03,ENT014,Ad platform,release_review,Critical,Marketing,gross_margin,38002,rideshare marketplace ROI signal 302
EVT00303,2026-03-04,ENT015,Ad platform,automation_run,High,Growth,repeat_purchase,31560,rideshare marketplace ROI signal 303
EVT00304,2026-03-05,ENT016,Shopify,definition_change,High,Data engineering,repeat_purchase,9654,rideshare marketplace ROI signal 304
EVT00305,2026-03-06,ENT017,Snowflake,definition_change,Critical,Marketing,gross_margin,265,rideshare marketplace ROI signal 305
EVT00306,2026-03-07,ENT018,GA4,stakeholder_request,Low,Merchandising,gross_margin,58356,rideshare marketplace ROI signal 306
EVT00307,2026-03-08,ENT019,Warehouse feed,stakeholder_request,High,Growth,repeat_purchase,1213,rideshare marketplace ROI signal 307
EVT00308,2026-03-09,ENT020,Warehouse feed,release_review,Medium,Operations,conversion_rate,22609,rideshare marketplace ROI signal 308
EVT00309,2026-03-10,ENT021,Ad platform,release_review,Low,Merchandising,event_completeness,55633,rideshare marketplace ROI signal 309
EVT00310,2026-03-11,ENT022,Ad platform,automation_run,Low,Merchandising,inventory_risk,44216,rideshare marketplace ROI signal 310
EVT00311,2026-03-12,ENT023,Ad platform,definition_change,High,Merchandising,inventory_risk,52722,rideshare marketplace ROI signal 311
EVT00312,2026-03-13,ENT024,GA4,release_review,Critical,Operations,gross_margin,297,rideshare marketplace ROI signal 312
EVT00313,2026-03-14,ENT001,Snowflake,refresh_delay,Critical,Marketing,gross_margin,21747,rideshare marketplace ROI signal 313
EVT00314,2026-03-15,ENT002,GA4,qa_failure,Medium,Operations,event_completeness,20669,rideshare marketplace ROI signal 314
EVT00315,2026-03-16,ENT003,Shopify,automation_run,Low,Analytics,roas,53908,rideshare marketplace ROI signal 315
EVT00316,2026-03-17,ENT004,Marketplace API,release_review,Medium,Operations,inventory_risk,13433,rideshare marketplace ROI signal 316
EVT00317,2026-03-18,ENT005,GA4,qa_failure,Medium,Operations,gross_margin,35672,rideshare marketplace ROI signal 317
EVT00318,2026-03-19,ENT006,GA4,automation_run,Low,Data engineering,event_completeness,41570,rideshare marketplace ROI signal 318
EVT00319,2026-03-20,ENT007,Ad platform,qa_failure,Critical,Marketing,gross_margin,52513,rideshare marketplace ROI signal 319
EVT00320,2026-03-21,ENT008,GA4,refresh_delay,High,Analytics,event_completeness,207,rideshare marketplace ROI signal 320
EVT00321,2026-03-22,ENT009,Warehouse feed,stakeholder_request,Low,Operations,gross_margin,44419,rideshare marketplace ROI signal 321
EVT00322,2026-03-23,ENT010,Shopify,release_review,Low,Growth,gross_margin,34483,rideshare marketplace ROI signal 322
EVT00323,2026-03-24,ENT011,Shopify,definition_change,Medium,Marketing,repeat_purchase,36897,rideshare marketplace ROI signal 323
EVT00324,2026-03-25,ENT012,Ad platform,manual_override,High,Operations,inventory_risk,54735,rideshare marketplace ROI signal 324
EVT00325,2026-03-26,ENT013,Warehouse feed,stakeholder_request,High,Merchandising,inventory_risk,55634,rideshare marketplace ROI signal 325
EVT00326,2026-03-27,ENT014,Marketplace API,refresh_delay,Medium,Merchandising,gross_margin,5848,rideshare marketplace ROI signal 326
EVT00327,2026-03-28,ENT015,Snowflake,release_review,High,Data engineering,event_completeness,25970,rideshare marketplace ROI signal 327
EVT00328,2026-03-29,ENT016,Ad platform,manual_override,Low,Growth,gross_margin,22161,rideshare marketplace ROI signal 328
EVT00329,2026-03-30,ENT017,Snowflake,stakeholder_request,Low,Merchandising,gross_margin,35795,rideshare marketplace ROI signal 329
EVT00330,2026-03-31,ENT018,GA4,release_review,Medium,Marketing,gross_margin,48616,rideshare marketplace ROI signal 330
EVT00331,2026-04-01,ENT019,Shopify,stakeholder_request,High,Marketing,inventory_risk,54549,rideshare marketplace ROI signal 331
EVT00332,2026-04-02,ENT020,Marketplace API,definition_change,Medium,Marketing,roas,11769,rideshare marketplace ROI signal 332
EVT00333,2026-04-03,ENT021,Snowflake,release_review,Critical,Operations,conversion_rate,13707,rideshare marketplace ROI signal 333
EVT00334,2026-04-04,ENT022,Ad platform,refresh_delay,Low,Growth,inventory_risk,28370,rideshare marketplace ROI signal 334
EVT00335,2026-04-05,ENT023,GA4,definition_change,Medium,Growth,repeat_purchase,54130,rideshare marketplace ROI signal 335
EVT00336,2026-04-06,ENT024,Snowflake,refresh_delay,Medium,Data engineering,repeat_purchase,30820,rideshare marketplace ROI signal 336
EVT00337,2026-04-07,ENT001,Ad platform,refresh_delay,Low,Operations,roas,17436,rideshare marketplace ROI signal 337
EVT00338,2026-04-08,ENT002,Shopify,release_review,High,Growth,gross_margin,1540,rideshare marketplace ROI signal 338
EVT00339,2026-04-09,ENT003,Warehouse feed,manual_override,Low,Merchandising,roas,920,rideshare marketplace ROI signal 339
EVT00340,2026-04-10,ENT004,Marketplace API,automation_run,High,Data engineering,conversion_rate,40598,rideshare marketplace ROI signal 340
EVT00341,2026-04-11,ENT005,GA4,qa_failure,Low,Growth,inventory_risk,30615,rideshare marketplace ROI signal 341
EVT00342,2026-04-12,ENT006,Ad platform,refresh_delay,High,Growth,gross_margin,2243,rideshare marketplace ROI signal 342
EVT00343,2026-04-13,ENT007,Shopify,release_review,Low,Data engineering,gross_margin,21274,rideshare marketplace ROI signal 343
EVT00344,2026-04-14,ENT008,Warehouse feed,release_review,Low,Analytics,gross_margin,832,rideshare marketplace ROI signal 344
EVT00345,2026-04-15,ENT009,Snowflake,refresh_delay,High,Merchandising,inventory_risk,30086,rideshare marketplace ROI signal 345
EVT00346,2026-04-16,ENT010,Marketplace API,stakeholder_request,High,Marketing,inventory_risk,3426,rideshare marketplace ROI signal 346
EVT00347,2026-04-17,ENT011,Shopify,stakeholder_request,High,Operations,inventory_risk,20688,rideshare marketplace ROI signal 347
EVT00348,2026-04-18,ENT012,Ad platform,refresh_delay,Low,Operations,gross_margin,26449,rideshare marketplace ROI signal 348
EVT00349,2026-04-19,ENT013,Marketplace API,qa_failure,Low,Data engineering,roas,42915,rideshare marketplace ROI signal 349
EVT00350,2026-04-20,ENT014,Marketplace API,automation_run,Critical,Operations,event_completeness,52317,rideshare marketplace ROI signal 350
EVT00351,2026-04-21,ENT015,Snowflake,manual_override,Low,Merchandising,gross_margin,13888,rideshare marketplace ROI signal 351
EVT00352,2026-04-22,ENT016,Snowflake,stakeholder_request,Low,Growth,gross_margin,36908,rideshare marketplace ROI signal 352
EVT00353,2026-04-23,ENT017,Marketplace API,stakeholder_request,Low,Data engineering,conversion_rate,36842,rideshare marketplace ROI signal 353
EVT00354,2026-04-24,ENT018,Shopify,refresh_delay,Medium,Marketing,roas,22402,rideshare marketplace ROI signal 354
EVT00355,2026-04-25,ENT019,Warehouse feed,definition_change,Low,Growth,gross_margin,40467,rideshare marketplace ROI signal 355
EVT00356,2026-04-26,ENT020,Shopify,stakeholder_request,High,Marketing,conversion_rate,13661,rideshare marketplace ROI signal 356
EVT00357,2026-04-27,ENT021,Marketplace API,automation_run,Medium,Analytics,event_completeness,16033,rideshare marketplace ROI signal 357
EVT00358,2026-04-28,ENT022,Ad platform,automation_run,Low,Marketing,inventory_risk,35509,rideshare marketplace ROI signal 358
EVT00359,2026-04-29,ENT023,GA4,definition_change,Critical,Analytics,gross_margin,37902,rideshare marketplace ROI signal 359
EVT00360,2026-04-30,ENT024,Ad platform,automation_run,Medium,Growth,gross_margin,60072,rideshare marketplace ROI signal 360
EVT00361,2026-01-01,ENT001,Shopify,manual_override,Low,Marketing,roas,12238,rideshare marketplace ROI signal 361
EVT00362,2026-01-02,ENT002,Marketplace API,refresh_delay,Critical,Operations,conversion_rate,4624,rideshare marketplace ROI signal 362
EVT00363,2026-01-03,ENT003,GA4,release_review,High,Growth,gross_margin,43825,rideshare marketplace ROI signal 363
EVT00364,2026-01-04,ENT004,Snowflake,release_review,Low,Growth,repeat_purchase,15888,rideshare marketplace ROI signal 364
EVT00365,2026-01-05,ENT005,Ad platform,definition_change,High,Growth,conversion_rate,33352,rideshare marketplace ROI signal 365
EVT00366,2026-01-06,ENT006,Ad platform,refresh_delay,High,Data engineering,conversion_rate,32729,rideshare marketplace ROI signal 366
EVT00367,2026-01-07,ENT007,Marketplace API,manual_override,Critical,Operations,gross_margin,45805,rideshare marketplace ROI signal 367
EVT00368,2026-01-08,ENT008,Marketplace API,automation_run,Critical,Analytics,inventory_risk,51690,rideshare marketplace ROI signal 368
EVT00369,2026-01-09,ENT009,Ad platform,release_review,High,Data engineering,event_completeness,31335,rideshare marketplace ROI signal 369
EVT00370,2026-01-10,ENT010,Shopify,stakeholder_request,Low,Data engineering,gross_margin,56330,rideshare marketplace ROI signal 370
EVT00371,2026-01-11,ENT011,Warehouse feed,refresh_delay,Medium,Data engineering,repeat_purchase,36420,rideshare marketplace ROI signal 371
EVT00372,2026-01-12,ENT012,Marketplace API,definition_change,High,Analytics,roas,12226,rideshare marketplace ROI signal 372
EVT00373,2026-01-13,ENT013,Marketplace API,stakeholder_request,Critical,Growth,roas,13454,rideshare marketplace ROI signal 373
EVT00374,2026-01-14,ENT014,Shopify,refresh_delay,Low,Data engineering,gross_margin,35132,rideshare marketplace ROI signal 374
EVT00375,2026-01-15,ENT015,Marketplace API,release_review,Low,Growth,repeat_purchase,25733,rideshare marketplace ROI signal 375
EVT00376,2026-01-16,ENT016,GA4,manual_override,Medium,Growth,inventory_risk,49596,rideshare marketplace ROI signal 376
EVT00377,2026-01-17,ENT017,Marketplace API,stakeholder_request,High,Marketing,roas,48938,rideshare marketplace ROI signal 377
EVT00378,2026-01-18,ENT018,GA4,refresh_delay,Medium,Operations,conversion_rate,6144,rideshare marketplace ROI signal 378
EVT00379,2026-01-19,ENT019,Ad platform,manual_override,Critical,Marketing,event_completeness,11140,rideshare marketplace ROI signal 379
EVT00380,2026-01-20,ENT020,Snowflake,definition_change,Low,Merchandising,inventory_risk,5315,rideshare marketplace ROI signal 380
EVT00381,2026-01-21,ENT021,Marketplace API,definition_change,High,Operations,gross_margin,47107,rideshare marketplace ROI signal 381
EVT00382,2026-01-22,ENT022,Warehouse feed,release_review,Medium,Marketing,gross_margin,2219,rideshare marketplace ROI signal 382
EVT00383,2026-01-23,ENT023,Shopify,refresh_delay,Critical,Analytics,repeat_purchase,28585,rideshare marketplace ROI signal 383
EVT00384,2026-01-24,ENT024,Ad platform,qa_failure,High,Analytics,inventory_risk,20265,rideshare marketplace ROI signal 384
EVT00385,2026-01-25,ENT001,Warehouse feed,manual_override,High,Merchandising,roas,50657,rideshare marketplace ROI signal 385
EVT00386,2026-01-26,ENT002,Shopify,stakeholder_request,Critical,Data engineering,repeat_purchase,20946,rideshare marketplace ROI signal 386
EVT00387,2026-01-27,ENT003,Snowflake,manual_override,Low,Marketing,gross_margin,37192,rideshare marketplace ROI signal 387
EVT00388,2026-01-28,ENT004,Marketplace API,qa_failure,Medium,Analytics,roas,17464,rideshare marketplace ROI signal 388
EVT00389,2026-01-29,ENT005,Ad platform,qa_failure,Low,Operations,conversion_rate,52528,rideshare marketplace ROI signal 389
EVT00390,2026-01-30,ENT006,GA4,stakeholder_request,Medium,Data engineering,inventory_risk,43892,rideshare marketplace ROI signal 390
EVT00391,2026-01-31,ENT007,Shopify,stakeholder_request,Low,Marketing,conversion_rate,9210,rideshare marketplace ROI signal 391
EVT00392,2026-02-01,ENT008,GA4,definition_change,Critical,Merchandising,event_completeness,40872,rideshare marketplace ROI signal 392
EVT00393,2026-02-02,ENT009,GA4,definition_change,Low,Operations,repeat_purchase,18046,rideshare marketplace ROI signal 393
EVT00394,2026-02-03,ENT010,GA4,definition_change,Low,Operations,event_completeness,44231,rideshare marketplace ROI signal 394
EVT00395,2026-02-04,ENT011,Marketplace API,manual_override,Low,Data engineering,roas,39313,rideshare marketplace ROI signal 395
EVT00396,2026-02-05,ENT012,GA4,definition_change,Critical,Marketing,roas,24803,rideshare marketplace ROI signal 396
EVT00397,2026-02-06,ENT013,Snowflake,stakeholder_request,Low,Growth,repeat_purchase,50400,rideshare marketplace ROI signal 397
EVT00398,2026-02-07,ENT014,GA4,manual_override,High,Analytics,gross_margin,44725,rideshare marketplace ROI signal 398
EVT00399,2026-02-08,ENT015,Shopify,qa_failure,High,Analytics,gross_margin,39447,rideshare marketplace ROI signal 399
EVT00400,2026-02-09,ENT016,Warehouse feed,automation_run,High,Marketing,event_completeness,47511,rideshare marketplace ROI signal 400
EVT00401,2026-02-10,ENT017,Marketplace API,release_review,Medium,Growth,roas,17694,rideshare marketplace ROI signal 401
EVT00402,2026-02-11,ENT018,GA4,release_review,Low,Data engineering,inventory_risk,40131,rideshare marketplace ROI signal 402
EVT00403,2026-02-12,ENT019,GA4,automation_run,High,Marketing,inventory_risk,10817,rideshare marketplace ROI signal 403
EVT00404,2026-02-13,ENT020,GA4,definition_change,Low,Merchandising,repeat_purchase,15386,rideshare marketplace ROI signal 404
EVT00405,2026-02-14,ENT021,Snowflake,refresh_delay,Low,Marketing,event_completeness,5059,rideshare marketplace ROI signal 405
EVT00406,2026-02-15,ENT022,Shopify,refresh_delay,Critical,Analytics,event_completeness,31945,rideshare marketplace ROI signal 406
EVT00407,2026-02-16,ENT023,Marketplace API,automation_run,Medium,Merchandising,conversion_rate,25365,rideshare marketplace ROI signal 407
EVT00408,2026-02-17,ENT024,Snowflake,manual_override,Critical,Marketing,gross_margin,17251,rideshare marketplace ROI signal 408
EVT00409,2026-02-18,ENT001,Ad platform,stakeholder_request,High,Marketing,event_completeness,42414,rideshare marketplace ROI signal 409
EVT00410,2026-02-19,ENT002,Shopify,release_review,Medium,Marketing,gross_margin,51517,rideshare marketplace ROI signal 410
EVT00411,2026-02-20,ENT003,Ad platform,definition_change,Low,Operations,inventory_risk,40699,rideshare marketplace ROI signal 411
EVT00412,2026-02-21,ENT004,Warehouse feed,stakeholder_request,Medium,Analytics,roas,47290,rideshare marketplace ROI signal 412
EVT00413,2026-02-22,ENT005,Ad platform,refresh_delay,Critical,Growth,event_completeness,37534,rideshare marketplace ROI signal 413
EVT00414,2026-02-23,ENT006,Marketplace API,manual_override,Medium,Merchandising,event_completeness,47606,rideshare marketplace ROI signal 414
EVT00415,2026-02-24,ENT007,Marketplace API,definition_change,High,Data engineering,conversion_rate,44250,rideshare marketplace ROI signal 415
EVT00416,2026-02-25,ENT008,Shopify,release_review,High,Analytics,repeat_purchase,26235,rideshare marketplace ROI signal 416
EVT00417,2026-02-26,ENT009,Shopify,definition_change,High,Data engineering,event_completeness,38354,rideshare marketplace ROI signal 417
EVT00418,2026-02-27,ENT010,Ad platform,release_review,Critical,Growth,gross_margin,10203,rideshare marketplace ROI signal 418
EVT00419,2026-02-28,ENT011,GA4,manual_override,High,Marketing,conversion_rate,30884,rideshare marketplace ROI signal 419
EVT00420,2026-03-01,ENT012,Ad platform,refresh_delay,Critical,Analytics,repeat_purchase,58820,rideshare marketplace ROI signal 420
EVT00421,2026-03-02,ENT013,Shopify,refresh_delay,High,Analytics,repeat_purchase,18837,rideshare marketplace ROI signal 421
EVT00422,2026-03-03,ENT014,Shopify,stakeholder_request,Low,Data engineering,roas,20768,rideshare marketplace ROI signal 422
EVT00423,2026-03-04,ENT015,Warehouse feed,stakeholder_request,High,Operations,repeat_purchase,61846,rideshare marketplace ROI signal 423
EVT00424,2026-03-05,ENT016,Ad platform,stakeholder_request,Critical,Analytics,event_completeness,59884,rideshare marketplace ROI signal 424
EVT00425,2026-03-06,ENT017,Ad platform,refresh_delay,High,Operations,gross_margin,56065,rideshare marketplace ROI signal 425
EVT00426,2026-03-07,ENT018,Warehouse feed,refresh_delay,Critical,Merchandising,repeat_purchase,42944,rideshare marketplace ROI signal 426
EVT00427,2026-03-08,ENT019,Marketplace API,automation_run,Low,Merchandising,conversion_rate,33206,rideshare marketplace ROI signal 427
EVT00428,2026-03-09,ENT020,Marketplace API,definition_change,Critical,Growth,gross_margin,50558,rideshare marketplace ROI signal 428
EVT00429,2026-03-10,ENT021,Marketplace API,release_review,Critical,Growth,gross_margin,30897,rideshare marketplace ROI signal 429
EVT00430,2026-03-11,ENT022,GA4,manual_override,Low,Analytics,conversion_rate,11521,rideshare marketplace ROI signal 430
EVT00431,2026-03-12,ENT023,GA4,manual_override,Critical,Marketing,inventory_risk,21441,rideshare marketplace ROI signal 431
EVT00432,2026-03-13,ENT024,Marketplace API,automation_run,High,Growth,roas,9022,rideshare marketplace ROI signal 432
EVT00433,2026-03-14,ENT001,Warehouse feed,release_review,High,Analytics,repeat_purchase,29712,rideshare marketplace ROI signal 433
EVT00434,2026-03-15,ENT002,Shopify,stakeholder_request,Critical,Merchandising,gross_margin,33740,rideshare marketplace ROI signal 434
EVT00435,2026-03-16,ENT003,Ad platform,stakeholder_request,Low,Marketing,repeat_purchase,28631,rideshare marketplace ROI signal 435
EVT00436,2026-03-17,ENT004,Marketplace API,release_review,High,Marketing,gross_margin,19513,rideshare marketplace ROI signal 436
EVT00437,2026-03-18,ENT005,Warehouse feed,refresh_delay,Critical,Growth,conversion_rate,21831,rideshare marketplace ROI signal 437
EVT00438,2026-03-19,ENT006,Marketplace API,manual_override,Critical,Analytics,event_completeness,21188,rideshare marketplace ROI signal 438
EVT00439,2026-03-20,ENT007,Warehouse feed,definition_change,Low,Merchandising,gross_margin,56910,rideshare marketplace ROI signal 439
EVT00440,2026-03-21,ENT008,Marketplace API,stakeholder_request,Medium,Growth,event_completeness,37854,rideshare marketplace ROI signal 440
EVT00441,2026-03-22,ENT009,Snowflake,automation_run,Medium,Data engineering,gross_margin,52092,rideshare marketplace ROI signal 441
EVT00442,2026-03-23,ENT010,GA4,refresh_delay,High,Marketing,roas,53787,rideshare marketplace ROI signal 442
EVT00443,2026-03-24,ENT011,Warehouse feed,stakeholder_request,Medium,Operations,repeat_purchase,16342,rideshare marketplace ROI signal 443
EVT00444,2026-03-25,ENT012,Ad platform,release_review,Medium,Analytics,gross_margin,17228,rideshare marketplace ROI signal 444
EVT00445,2026-03-26,ENT013,Shopify,stakeholder_request,High,Data engineering,roas,18980,rideshare marketplace ROI signal 445
EVT00446,2026-03-27,ENT014,Warehouse feed,release_review,Low,Operations,gross_margin,50426,rideshare marketplace ROI signal 446
EVT00447,2026-03-28,ENT015,Snowflake,release_review,Low,Data engineering,gross_margin,24028,rideshare marketplace ROI signal 447
EVT00448,2026-03-29,ENT016,Marketplace API,automation_run,Medium,Operations,roas,22315,rideshare marketplace ROI signal 448
EVT00449,2026-03-30,ENT017,Ad platform,automation_run,High,Analytics,conversion_rate,29891,rideshare marketplace ROI signal 449
EVT00450,2026-03-31,ENT018,Snowflake,stakeholder_request,Low,Marketing,roas,47730,rideshare marketplace ROI signal 450
EVT00451,2026-04-01,ENT019,Marketplace API,definition_change,Medium,Data engineering,roas,40850,rideshare marketplace ROI signal 451
EVT00452,2026-04-02,ENT020,Snowflake,automation_run,Critical,Operations,inventory_risk,21951,rideshare marketplace ROI signal 452
EVT00453,2026-04-03,ENT021,GA4,qa_failure,Low,Analytics,gross_margin,32071,rideshare marketplace ROI signal 453
EVT00454,2026-04-04,ENT022,Ad platform,manual_override,Low,Marketing,repeat_purchase,33378,rideshare marketplace ROI signal 454
EVT00455,2026-04-05,ENT023,Warehouse feed,automation_run,Medium,Operations,repeat_purchase,23381,rideshare marketplace ROI signal 455
EVT00456,2026-04-06,ENT024,Snowflake,release_review,Critical,Analytics,inventory_risk,41999,rideshare marketplace ROI signal 456
EVT00457,2026-04-07,ENT001,Snowflake,automation_run,High,Merchandising,roas,20683,rideshare marketplace ROI signal 457
EVT00458,2026-04-08,ENT002,Shopify,stakeholder_request,Low,Growth,conversion_rate,15710,rideshare marketplace ROI signal 458
EVT00459,2026-04-09,ENT003,Shopify,stakeholder_request,Medium,Analytics,roas,33190,rideshare marketplace ROI signal 459
EVT00460,2026-04-10,ENT004,GA4,qa_failure,Medium,Analytics,repeat_purchase,58715,rideshare marketplace ROI signal 460
EVT00461,2026-04-11,ENT005,GA4,release_review,Critical,Analytics,conversion_rate,18359,rideshare marketplace ROI signal 461
EVT00462,2026-04-12,ENT006,Shopify,release_review,Medium,Marketing,repeat_purchase,19725,rideshare marketplace ROI signal 462
EVT00463,2026-04-13,ENT007,GA4,stakeholder_request,Medium,Growth,gross_margin,55636,rideshare marketplace ROI signal 463
EVT00464,2026-04-14,ENT008,Warehouse feed,refresh_delay,Medium,Merchandising,roas,4433,rideshare marketplace ROI signal 464
EVT00465,2026-04-15,ENT009,Shopify,manual_override,Low,Marketing,gross_margin,12133,rideshare marketplace ROI signal 465
EVT00466,2026-04-16,ENT010,Snowflake,refresh_delay,Medium,Marketing,gross_margin,9497,rideshare marketplace ROI signal 466
EVT00467,2026-04-17,ENT011,Warehouse feed,stakeholder_request,Medium,Operations,inventory_risk,23956,rideshare marketplace ROI signal 467
EVT00468,2026-04-18,ENT012,Marketplace API,manual_override,Medium,Growth,conversion_rate,9538,rideshare marketplace ROI signal 468
EVT00469,2026-04-19,ENT013,Snowflake,stakeholder_request,High,Data engineering,inventory_risk,33691,rideshare marketplace ROI signal 469
EVT00470,2026-04-20,ENT014,Snowflake,qa_failure,Medium,Data engineering,repeat_purchase,46861,rideshare marketplace ROI signal 470
EVT00471,2026-04-21,ENT015,GA4,stakeholder_request,Medium,Merchandising,conversion_rate,48647,rideshare marketplace ROI signal 471
EVT00472,2026-04-22,ENT016,Warehouse feed,definition_change,Low,Marketing,conversion_rate,13058,rideshare marketplace ROI signal 472
EVT00473,2026-04-23,ENT017,Warehouse feed,manual_override,Critical,Growth,event_completeness,11095,rideshare marketplace ROI signal 473
EVT00474,2026-04-24,ENT018,Shopify,stakeholder_request,Low,Operations,inventory_risk,4661,rideshare marketplace ROI signal 474
EVT00475,2026-04-25,ENT019,Ad platform,release_review,Low,Growth,event_completeness,46463,rideshare marketplace ROI signal 475
EVT00476,2026-04-26,ENT020,Warehouse feed,refresh_delay,Critical,Analytics,inventory_risk,43375,rideshare marketplace ROI signal 476
EVT00477,2026-04-27,ENT021,GA4,refresh_delay,Medium,Data engineering,gross_margin,11717,rideshare marketplace ROI signal 477
EVT00478,2026-04-28,ENT022,Ad platform,manual_override,High,Merchandising,inventory_risk,12071,rideshare marketplace ROI signal 478
EVT00479,2026-04-29,ENT023,Snowflake,qa_failure,Low,Marketing,conversion_rate,8527,rideshare marketplace ROI signal 479
EVT00480,2026-04-30,ENT024,Ad platform,manual_override,High,Growth,inventory_risk,53476,rideshare marketplace ROI signal 480
EVT00481,2026-01-01,ENT001,Ad platform,manual_override,Medium,Operations,inventory_risk,8747,rideshare marketplace ROI signal 481
EVT00482,2026-01-02,ENT002,GA4,release_review,Medium,Merchandising,repeat_purchase,20652,rideshare marketplace ROI signal 482
EVT00483,2026-01-03,ENT003,GA4,refresh_delay,Medium,Analytics,conversion_rate,39916,rideshare marketplace ROI signal 483
EVT00484,2026-01-04,ENT004,Snowflake,manual_override,Critical,Growth,gross_margin,54470,rideshare marketplace ROI signal 484
EVT00485,2026-01-05,ENT005,Warehouse feed,qa_failure,Critical,Merchandising,conversion_rate,38909,rideshare marketplace ROI signal 485
EVT00486,2026-01-06,ENT006,Marketplace API,release_review,Critical,Analytics,gross_margin,40507,rideshare marketplace ROI signal 486
EVT00487,2026-01-07,ENT007,Shopify,release_review,High,Marketing,conversion_rate,46757,rideshare marketplace ROI signal 487
EVT00488,2026-01-08,ENT008,Snowflake,qa_failure,Medium,Merchandising,inventory_risk,51553,rideshare marketplace ROI signal 488
EVT00489,2026-01-09,ENT009,Marketplace API,qa_failure,Low,Marketing,repeat_purchase,7706,rideshare marketplace ROI signal 489
EVT00490,2026-01-10,ENT010,Snowflake,automation_run,Low,Marketing,inventory_risk,54948,rideshare marketplace ROI signal 490
EVT00491,2026-01-11,ENT011,Snowflake,stakeholder_request,Medium,Marketing,repeat_purchase,471,rideshare marketplace ROI signal 491
EVT00492,2026-01-12,ENT012,GA4,qa_failure,Critical,Marketing,repeat_purchase,30331,rideshare marketplace ROI signal 492
EVT00493,2026-01-13,ENT013,GA4,qa_failure,Critical,Merchandising,repeat_purchase,9820,rideshare marketplace ROI signal 493
EVT00494,2026-01-14,ENT014,Warehouse feed,qa_failure,Critical,Analytics,roas,47489,rideshare marketplace ROI signal 494
EVT00495,2026-01-15,ENT015,Shopify,refresh_delay,Critical,Marketing,inventory_risk,35453,rideshare marketplace ROI signal 495
EVT00496,2026-01-16,ENT016,Ad platform,refresh_delay,High,Marketing,repeat_purchase,55471,rideshare marketplace ROI signal 496
EVT00497,2026-01-17,ENT017,Snowflake,definition_change,Medium,Data engineering,gross_margin,49141,rideshare marketplace ROI signal 497
EVT00498,2026-01-18,ENT018,Marketplace API,automation_run,Critical,Merchandising,repeat_purchase,17213,rideshare marketplace ROI signal 498
EVT00499,2026-01-19,ENT019,GA4,release_review,Critical,Analytics,repeat_purchase,8349,rideshare marketplace ROI signal 499
EVT00500,2026-01-20,ENT020,GA4,qa_failure,High,Merchandising,inventory_risk,47859,rideshare marketplace ROI signal 500
EVT00501,2026-01-21,ENT021,Marketplace API,refresh_delay,High,Merchandising,gross_margin,26052,rideshare marketplace ROI signal 501
EVT00502,2026-01-22,ENT022,Ad platform,manual_override,Critical,Merchandising,inventory_risk,44508,rideshare marketplace ROI signal 502
EVT00503,2026-01-23,ENT023,Snowflake,stakeholder_request,Critical,Merchandising,gross_margin,6326,rideshare marketplace ROI signal 503
EVT00504,2026-01-24,ENT024,Marketplace API,qa_failure,High,Growth,gross_margin,45932,rideshare marketplace ROI signal 504
EVT00505,2026-01-25,ENT001,GA4,stakeholder_request,Medium,Marketing,roas,53964,rideshare marketplace ROI signal 505
EVT00506,2026-01-26,ENT002,Warehouse feed,automation_run,Critical,Analytics,conversion_rate,35292,rideshare marketplace ROI signal 506
EVT00507,2026-01-27,ENT003,Ad platform,definition_change,High,Merchandising,event_completeness,7052,rideshare marketplace ROI signal 507
EVT00508,2026-01-28,ENT004,Warehouse feed,refresh_delay,Medium,Data engineering,event_completeness,21572,rideshare marketplace ROI signal 508
EVT00509,2026-01-29,ENT005,GA4,manual_override,High,Growth,gross_margin,51516,rideshare marketplace ROI signal 509
EVT00510,2026-01-30,ENT006,Warehouse feed,automation_run,Medium,Data engineering,inventory_risk,11402,rideshare marketplace ROI signal 510
EVT00511,2026-01-31,ENT007,Ad platform,automation_run,Medium,Operations,conversion_rate,53852,rideshare marketplace ROI signal 511
EVT00512,2026-02-01,ENT008,Ad platform,stakeholder_request,Critical,Growth,conversion_rate,56228,rideshare marketplace ROI signal 512
EVT00513,2026-02-02,ENT009,Ad platform,release_review,Medium,Merchandising,conversion_rate,35866,rideshare marketplace ROI signal 513
EVT00514,2026-02-03,ENT010,Snowflake,definition_change,Medium,Merchandising,inventory_risk,17513,rideshare marketplace ROI signal 514
EVT00515,2026-02-04,ENT011,Snowflake,release_review,Low,Analytics,roas,16401,rideshare marketplace ROI signal 515
EVT00516,2026-02-05,ENT012,Shopify,stakeholder_request,Critical,Growth,event_completeness,9610,rideshare marketplace ROI signal 516
EVT00517,2026-02-06,ENT013,Marketplace API,automation_run,High,Growth,conversion_rate,1526,rideshare marketplace ROI signal 517
EVT00518,2026-02-07,ENT014,Snowflake,automation_run,Critical,Analytics,inventory_risk,16431,rideshare marketplace ROI signal 518
EVT00519,2026-02-08,ENT015,Shopify,automation_run,Medium,Data engineering,roas,52507,rideshare marketplace ROI signal 519
EVT00520,2026-02-09,ENT016,Snowflake,manual_override,High,Marketing,conversion_rate,44424,rideshare marketplace ROI signal 520
EVT00521,2026-02-10,ENT017,Warehouse feed,refresh_delay,High,Growth,event_completeness,4486,rideshare marketplace ROI signal 521
EVT00522,2026-02-11,ENT018,GA4,definition_change,Critical,Operations,roas,20670,rideshare marketplace ROI signal 522
EVT00523,2026-02-12,ENT019,GA4,release_review,Medium,Growth,roas,35697,rideshare marketplace ROI signal 523
EVT00524,2026-02-13,ENT020,Ad platform,automation_run,Medium,Data engineering,repeat_purchase,23931,rideshare marketplace ROI signal 524
EVT00525,2026-02-14,ENT021,Ad platform,release_review,Critical,Analytics,repeat_purchase,17810,rideshare marketplace ROI signal 525
EVT00526,2026-02-15,ENT022,Ad platform,refresh_delay,Critical,Operations,gross_margin,26482,rideshare marketplace ROI signal 526
EVT00527,2026-02-16,ENT023,Snowflake,manual_override,Critical,Operations,event_completeness,55730,rideshare marketplace ROI signal 527
EVT00528,2026-02-17,ENT024,Marketplace API,stakeholder_request,High,Merchandising,repeat_purchase,13432,rideshare marketplace ROI signal 528
EVT00529,2026-02-18,ENT001,Ad platform,qa_failure,Medium,Marketing,inventory_risk,54494,rideshare marketplace ROI signal 529
EVT00530,2026-02-19,ENT002,Warehouse feed,manual_override,Low,Merchandising,repeat_purchase,60217,rideshare marketplace ROI signal 530
EVT00531,2026-02-20,ENT003,Warehouse feed,automation_run,Low,Merchandising,conversion_rate,8866,rideshare marketplace ROI signal 531
EVT00532,2026-02-21,ENT004,Snowflake,refresh_delay,High,Merchandising,event_completeness,26443,rideshare marketplace ROI signal 532
EVT00533,2026-02-22,ENT005,Ad platform,automation_run,High,Growth,event_completeness,61798,rideshare marketplace ROI signal 533
EVT00534,2026-02-23,ENT006,Warehouse feed,manual_override,Low,Marketing,inventory_risk,27141,rideshare marketplace ROI signal 534
EVT00535,2026-02-24,ENT007,Ad platform,release_review,Medium,Analytics,gross_margin,13166,rideshare marketplace ROI signal 535
EVT00536,2026-02-25,ENT008,Ad platform,refresh_delay,Low,Data engineering,gross_margin,7138,rideshare marketplace ROI signal 536
EVT00537,2026-02-26,ENT009,Warehouse feed,refresh_delay,Medium,Growth,inventory_risk,20860,rideshare marketplace ROI signal 537
EVT00538,2026-02-27,ENT010,Warehouse feed,manual_override,Critical,Growth,roas,44425,rideshare marketplace ROI signal 538
EVT00539,2026-02-28,ENT011,Ad platform,stakeholder_request,High,Operations,gross_margin,37494,rideshare marketplace ROI signal 539
EVT00540,2026-03-01,ENT012,Shopify,manual_override,Medium,Analytics,repeat_purchase,49080,rideshare marketplace ROI signal 540
EVT00541,2026-03-02,ENT013,Marketplace API,definition_change,High,Data engineering,inventory_risk,3714,rideshare marketplace ROI signal 541
EVT00542,2026-03-03,ENT014,Warehouse feed,manual_override,Medium,Data engineering,repeat_purchase,18823,rideshare marketplace ROI signal 542
EVT00543,2026-03-04,ENT015,Warehouse feed,stakeholder_request,Critical,Operations,roas,45677,rideshare marketplace ROI signal 543
EVT00544,2026-03-05,ENT016,Snowflake,qa_failure,Critical,Operations,event_completeness,44552,rideshare marketplace ROI signal 544
EVT00545,2026-03-06,ENT017,GA4,qa_failure,Medium,Merchandising,inventory_risk,1765,rideshare marketplace ROI signal 545
EVT00546,2026-03-07,ENT018,Ad platform,stakeholder_request,High,Data engineering,repeat_purchase,18403,rideshare marketplace ROI signal 546
EVT00547,2026-03-08,ENT019,Marketplace API,definition_change,Critical,Operations,gross_margin,36092,rideshare marketplace ROI signal 547
EVT00548,2026-03-09,ENT020,Snowflake,refresh_delay,Critical,Growth,event_completeness,3998,rideshare marketplace ROI signal 548
EVT00549,2026-03-10,ENT021,Shopify,manual_override,Low,Analytics,repeat_purchase,21539,rideshare marketplace ROI signal 549
EVT00550,2026-03-11,ENT022,Ad platform,automation_run,Critical,Operations,conversion_rate,12899,rideshare marketplace ROI signal 550
EVT00551,2026-03-12,ENT023,Shopify,definition_change,Low,Analytics,roas,38633,rideshare marketplace ROI signal 551
EVT00552,2026-03-13,ENT024,Marketplace API,stakeholder_request,Low,Merchandising,gross_margin,53961,rideshare marketplace ROI signal 552
EVT00553,2026-03-14,ENT001,Marketplace API,qa_failure,Low,Marketing,conversion_rate,13867,rideshare marketplace ROI signal 553
EVT00554,2026-03-15,ENT002,Warehouse feed,manual_override,High,Marketing,repeat_purchase,36281,rideshare marketplace ROI signal 554
EVT00555,2026-03-16,ENT003,Snowflake,definition_change,Low,Operations,roas,7110,rideshare marketplace ROI signal 555
EVT00556,2026-03-17,ENT004,Shopify,qa_failure,Critical,Operations,inventory_risk,51559,rideshare marketplace ROI signal 556
EVT00557,2026-03-18,ENT005,Ad platform,definition_change,High,Operations,conversion_rate,8373,rideshare marketplace ROI signal 557
EVT00558,2026-03-19,ENT006,Snowflake,refresh_delay,High,Analytics,inventory_risk,27819,rideshare marketplace ROI signal 558
EVT00559,2026-03-20,ENT007,GA4,automation_run,Critical,Data engineering,event_completeness,40875,rideshare marketplace ROI signal 559
EVT00560,2026-03-21,ENT008,GA4,release_review,Medium,Operations,gross_margin,54982,rideshare marketplace ROI signal 560
EVT00561,2026-03-22,ENT009,Shopify,definition_change,Low,Analytics,conversion_rate,19415,rideshare marketplace ROI signal 561
EVT00562,2026-03-23,ENT010,GA4,refresh_delay,Medium,Data engineering,repeat_purchase,33382,rideshare marketplace ROI signal 562
EVT00563,2026-03-24,ENT011,Marketplace API,refresh_delay,High,Growth,event_completeness,6077,rideshare marketplace ROI signal 563
EVT00564,2026-03-25,ENT012,Marketplace API,automation_run,High,Analytics,roas,38678,rideshare marketplace ROI signal 564
EVT00565,2026-03-26,ENT013,GA4,automation_run,Critical,Merchandising,repeat_purchase,33379,rideshare marketplace ROI signal 565
EVT00566,2026-03-27,ENT014,Marketplace API,refresh_delay,Critical,Marketing,event_completeness,23266,rideshare marketplace ROI signal 566
EVT00567,2026-03-28,ENT015,Warehouse feed,stakeholder_request,Critical,Growth,gross_margin,43928,rideshare marketplace ROI signal 567
EVT00568,2026-03-29,ENT016,Marketplace API,refresh_delay,Medium,Merchandising,inventory_risk,30735,rideshare marketplace ROI signal 568
EVT00569,2026-03-30,ENT017,GA4,manual_override,Critical,Analytics,roas,15336,rideshare marketplace ROI signal 569
EVT00570,2026-03-31,ENT018,Marketplace API,release_review,Critical,Operations,inventory_risk,8275,rideshare marketplace ROI signal 570
EVT00571,2026-04-01,ENT019,Shopify,stakeholder_request,High,Growth,repeat_purchase,44764,rideshare marketplace ROI signal 571
EVT00572,2026-04-02,ENT020,Marketplace API,release_review,Critical,Analytics,inventory_risk,52725,rideshare marketplace ROI signal 572
EVT00573,2026-04-03,ENT021,Ad platform,stakeholder_request,High,Analytics,conversion_rate,59016,rideshare marketplace ROI signal 573
EVT00574,2026-04-04,ENT022,GA4,release_review,High,Marketing,gross_margin,20233,rideshare marketplace ROI signal 574
EVT00575,2026-04-05,ENT023,Snowflake,definition_change,High,Merchandising,conversion_rate,9118,rideshare marketplace ROI signal 575
EVT00576,2026-04-06,ENT024,GA4,automation_run,Medium,Data engineering,roas,47923,rideshare marketplace ROI signal 576
EVT00577,2026-04-07,ENT001,Marketplace API,definition_change,Critical,Merchandising,conversion_rate,60351,rideshare marketplace ROI signal 577
EVT00578,2026-04-08,ENT002,Warehouse feed,release_review,High,Data engineering,conversion_rate,18902,rideshare marketplace ROI signal 578
EVT00579,2026-04-09,ENT003,Ad platform,definition_change,Low,Marketing,repeat_purchase,56321,rideshare marketplace ROI signal 579
EVT00580,2026-04-10,ENT004,Snowflake,release_review,High,Growth,conversion_rate,45805,rideshare marketplace ROI signal 580
EVT00581,2026-04-11,ENT005,Snowflake,manual_override,Medium,Data engineering,roas,30132,rideshare marketplace ROI signal 581
EVT00582,2026-04-12,ENT006,GA4,refresh_delay,Low,Growth,event_completeness,35175,rideshare marketplace ROI signal 582
EVT00583,2026-04-13,ENT007,Warehouse feed,refresh_delay,Medium,Growth,repeat_purchase,18633,rideshare marketplace ROI signal 583
EVT00584,2026-04-14,ENT008,Shopify,manual_override,Medium,Growth,conversion_rate,5056,rideshare marketplace ROI signal 584
EVT00585,2026-04-15,ENT009,Ad platform,manual_override,Low,Operations,roas,54188,rideshare marketplace ROI signal 585
EVT00586,2026-04-16,ENT010,Shopify,release_review,Critical,Merchandising,gross_margin,54754,rideshare marketplace ROI signal 586
EVT00587,2026-04-17,ENT011,Shopify,stakeholder_request,Low,Marketing,conversion_rate,46348,rideshare marketplace ROI signal 587
EVT00588,2026-04-18,ENT012,Warehouse feed,definition_change,Low,Marketing,event_completeness,16803,rideshare marketplace ROI signal 588
EVT00589,2026-04-19,ENT013,Shopify,definition_change,High,Growth,inventory_risk,25027,rideshare marketplace ROI signal 589
EVT00590,2026-04-20,ENT014,Warehouse feed,refresh_delay,Critical,Data engineering,repeat_purchase,14156,rideshare marketplace ROI signal 590
EVT00591,2026-04-21,ENT015,Shopify,qa_failure,High,Analytics,roas,54740,rideshare marketplace ROI signal 591
EVT00592,2026-04-22,ENT016,GA4,qa_failure,Medium,Growth,conversion_rate,429,rideshare marketplace ROI signal 592
EVT00593,2026-04-23,ENT017,GA4,stakeholder_request,High,Growth,repeat_purchase,12598,rideshare marketplace ROI signal 593
EVT00594,2026-04-24,ENT018,Marketplace API,definition_change,Low,Marketing,conversion_rate,32997,rideshare marketplace ROI signal 594
EVT00595,2026-04-25,ENT019,Ad platform,manual_override,Critical,Operations,gross_margin,58025,rideshare marketplace ROI signal 595
EVT00596,2026-04-26,ENT020,Ad platform,automation_run,Medium,Merchandising,conversion_rate,7517,rideshare marketplace ROI signal 596
EVT00597,2026-04-27,ENT021,Marketplace API,refresh_delay,Medium,Merchandising,event_completeness,34667,rideshare marketplace ROI signal 597
EVT00598,2026-04-28,ENT022,Ad platform,definition_change,Medium,Analytics,conversion_rate,14907,rideshare marketplace ROI signal 598
EVT00599,2026-04-29,ENT023,Shopify,release_review,High,Merchandising,gross_margin,26894,rideshare marketplace ROI signal 599
EVT00600,2026-04-30,ENT024,Shopify,manual_override,Critical,Data engineering,inventory_risk,18373,rideshare marketplace ROI signal 600
EVT00601,2026-01-01,ENT001,Marketplace API,qa_failure,Critical,Merchandising,conversion_rate,32491,rideshare marketplace ROI signal 601
EVT00602,2026-01-02,ENT002,GA4,release_review,Medium,Operations,roas,42501,rideshare marketplace ROI signal 602
EVT00603,2026-01-03,ENT003,Marketplace API,release_review,Critical,Marketing,event_completeness,13308,rideshare marketplace ROI signal 603
EVT00604,2026-01-04,ENT004,Marketplace API,qa_failure,Critical,Operations,gross_margin,36806,rideshare marketplace ROI signal 604
EVT00605,2026-01-05,ENT005,Ad platform,definition_change,Critical,Marketing,conversion_rate,51774,rideshare marketplace ROI signal 605
EVT00606,2026-01-06,ENT006,Snowflake,qa_failure,Critical,Merchandising,roas,17024,rideshare marketplace ROI signal 606
EVT00607,2026-01-07,ENT007,Marketplace API,refresh_delay,Critical,Merchandising,gross_margin,46761,rideshare marketplace ROI signal 607
EVT00608,2026-01-08,ENT008,Snowflake,qa_failure,High,Data engineering,roas,49334,rideshare marketplace ROI signal 608
EVT00609,2026-01-09,ENT009,Warehouse feed,release_review,Medium,Growth,conversion_rate,9177,rideshare marketplace ROI signal 609
EVT00610,2026-01-10,ENT010,Warehouse feed,stakeholder_request,Low,Operations,roas,30087,rideshare marketplace ROI signal 610
EVT00611,2026-01-11,ENT011,Shopify,refresh_delay,High,Growth,event_completeness,49915,rideshare marketplace ROI signal 611
EVT00612,2026-01-12,ENT012,GA4,automation_run,Low,Data engineering,inventory_risk,34744,rideshare marketplace ROI signal 612
EVT00613,2026-01-13,ENT013,Ad platform,manual_override,Medium,Operations,event_completeness,35962,rideshare marketplace ROI signal 613
EVT00614,2026-01-14,ENT014,Shopify,automation_run,High,Marketing,roas,42043,rideshare marketplace ROI signal 614
EVT00615,2026-01-15,ENT015,Ad platform,automation_run,Medium,Marketing,repeat_purchase,21497,rideshare marketplace ROI signal 615
EVT00616,2026-01-16,ENT016,Marketplace API,qa_failure,Low,Operations,repeat_purchase,24018,rideshare marketplace ROI signal 616
EVT00617,2026-01-17,ENT017,GA4,release_review,Critical,Operations,inventory_risk,35331,rideshare marketplace ROI signal 617
EVT00618,2026-01-18,ENT018,GA4,manual_override,Critical,Merchandising,roas,44558,rideshare marketplace ROI signal 618
EVT00619,2026-01-19,ENT019,Shopify,definition_change,Medium,Growth,inventory_risk,52640,rideshare marketplace ROI signal 619
EVT00620,2026-01-20,ENT020,Ad platform,release_review,Critical,Analytics,repeat_purchase,24669,rideshare marketplace ROI signal 620
EVT00621,2026-01-21,ENT021,Shopify,automation_run,Low,Analytics,repeat_purchase,2831,rideshare marketplace ROI signal 621
EVT00622,2026-01-22,ENT022,Warehouse feed,refresh_delay,Medium,Merchandising,conversion_rate,25621,rideshare marketplace ROI signal 622
EVT00623,2026-01-23,ENT023,Snowflake,refresh_delay,High,Data engineering,inventory_risk,52718,rideshare marketplace ROI signal 623
EVT00624,2026-01-24,ENT024,Ad platform,release_review,High,Analytics,roas,57425,rideshare marketplace ROI signal 624
EVT00625,2026-01-25,ENT001,Ad platform,qa_failure,Medium,Operations,gross_margin,56254,rideshare marketplace ROI signal 625
EVT00626,2026-01-26,ENT002,GA4,manual_override,Medium,Data engineering,conversion_rate,46899,rideshare marketplace ROI signal 626
EVT00627,2026-01-27,ENT003,Marketplace API,manual_override,Critical,Marketing,event_completeness,52319,rideshare marketplace ROI signal 627
EVT00628,2026-01-28,ENT004,Marketplace API,stakeholder_request,Medium,Growth,gross_margin,57334,rideshare marketplace ROI signal 628
EVT00629,2026-01-29,ENT005,Snowflake,refresh_delay,Critical,Marketing,repeat_purchase,51076,rideshare marketplace ROI signal 629
EVT00630,2026-01-30,ENT006,Snowflake,manual_override,Critical,Marketing,repeat_purchase,61560,rideshare marketplace ROI signal 630
EVT00631,2026-01-31,ENT007,Shopify,automation_run,Low,Merchandising,inventory_risk,29789,rideshare marketplace ROI signal 631
EVT00632,2026-02-01,ENT008,Snowflake,stakeholder_request,High,Operations,event_completeness,11148,rideshare marketplace ROI signal 632
EVT00633,2026-02-02,ENT009,Snowflake,refresh_delay,High,Growth,inventory_risk,20940,rideshare marketplace ROI signal 633
EVT00634,2026-02-03,ENT010,Shopify,automation_run,Low,Growth,repeat_purchase,30354,rideshare marketplace ROI signal 634
EVT00635,2026-02-04,ENT011,GA4,definition_change,Medium,Marketing,inventory_risk,5041,rideshare marketplace ROI signal 635
EVT00636,2026-02-05,ENT012,Ad platform,release_review,High,Operations,event_completeness,21114,rideshare marketplace ROI signal 636
EVT00637,2026-02-06,ENT013,Shopify,automation_run,Low,Merchandising,event_completeness,17755,rideshare marketplace ROI signal 637
EVT00638,2026-02-07,ENT014,Shopify,qa_failure,Low,Growth,repeat_purchase,26081,rideshare marketplace ROI signal 638
EVT00639,2026-02-08,ENT015,Warehouse feed,release_review,Medium,Operations,roas,28785,rideshare marketplace ROI signal 639
EVT00640,2026-02-09,ENT016,GA4,definition_change,Critical,Growth,gross_margin,47271,rideshare marketplace ROI signal 640
EVT00641,2026-02-10,ENT017,Shopify,manual_override,Low,Operations,gross_margin,33139,rideshare marketplace ROI signal 641
EVT00642,2026-02-11,ENT018,Snowflake,definition_change,Medium,Data engineering,roas,16551,rideshare marketplace ROI signal 642
EVT00643,2026-02-12,ENT019,Marketplace API,definition_change,Critical,Operations,inventory_risk,5191,rideshare marketplace ROI signal 643
EVT00644,2026-02-13,ENT020,GA4,stakeholder_request,Medium,Analytics,event_completeness,9975,rideshare marketplace ROI signal 644
EVT00645,2026-02-14,ENT021,Marketplace API,release_review,Low,Growth,gross_margin,1201,rideshare marketplace ROI signal 645
EVT00646,2026-02-15,ENT022,Marketplace API,definition_change,Medium,Analytics,repeat_purchase,7782,rideshare marketplace ROI signal 646
EVT00647,2026-02-16,ENT023,GA4,manual_override,High,Merchandising,repeat_purchase,29733,rideshare marketplace ROI signal 647
EVT00648,2026-02-17,ENT024,Marketplace API,qa_failure,Low,Growth,conversion_rate,4752,rideshare marketplace ROI signal 648
EVT00649,2026-02-18,ENT001,Ad platform,automation_run,Critical,Marketing,inventory_risk,6620,rideshare marketplace ROI signal 649
EVT00650,2026-02-19,ENT002,Ad platform,refresh_delay,Medium,Operations,roas,51629,rideshare marketplace ROI signal 650
EVT00651,2026-02-20,ENT003,Marketplace API,refresh_delay,High,Merchandising,gross_margin,2685,rideshare marketplace ROI signal 651
EVT00652,2026-02-21,ENT004,Shopify,manual_override,Critical,Marketing,event_completeness,9732,rideshare marketplace ROI signal 652
EVT00653,2026-02-22,ENT005,Marketplace API,automation_run,Low,Data engineering,roas,16287,rideshare marketplace ROI signal 653
EVT00654,2026-02-23,ENT006,Snowflake,definition_change,Medium,Data engineering,gross_margin,55859,rideshare marketplace ROI signal 654
EVT00655,2026-02-24,ENT007,Ad platform,release_review,Critical,Data engineering,inventory_risk,5699,rideshare marketplace ROI signal 655
EVT00656,2026-02-25,ENT008,Shopify,qa_failure,Critical,Growth,conversion_rate,15293,rideshare marketplace ROI signal 656
EVT00657,2026-02-26,ENT009,Ad platform,release_review,Low,Growth,event_completeness,2163,rideshare marketplace ROI signal 657
EVT00658,2026-02-27,ENT010,Marketplace API,definition_change,Medium,Operations,conversion_rate,16441,rideshare marketplace ROI signal 658
EVT00659,2026-02-28,ENT011,GA4,refresh_delay,Critical,Merchandising,event_completeness,16012,rideshare marketplace ROI signal 659
EVT00660,2026-03-01,ENT012,Snowflake,release_review,Critical,Analytics,event_completeness,18122,rideshare marketplace ROI signal 660
EVT00661,2026-03-02,ENT013,Shopify,refresh_delay,Low,Merchandising,inventory_risk,21538,rideshare marketplace ROI signal 661
EVT00662,2026-03-03,ENT014,Marketplace API,stakeholder_request,Medium,Merchandising,conversion_rate,52284,rideshare marketplace ROI signal 662
EVT00663,2026-03-04,ENT015,Warehouse feed,stakeholder_request,Medium,Data engineering,inventory_risk,11879,rideshare marketplace ROI signal 663
EVT00664,2026-03-05,ENT016,Marketplace API,definition_change,Medium,Growth,conversion_rate,3672,rideshare marketplace ROI signal 664
EVT00665,2026-03-06,ENT017,Ad platform,automation_run,High,Growth,event_completeness,6769,rideshare marketplace ROI signal 665
EVT00666,2026-03-07,ENT018,Marketplace API,automation_run,Critical,Merchandising,event_completeness,56506,rideshare marketplace ROI signal 666
EVT00667,2026-03-08,ENT019,Shopify,stakeholder_request,Medium,Operations,gross_margin,35396,rideshare marketplace ROI signal 667
EVT00668,2026-03-09,ENT020,GA4,automation_run,Critical,Data engineering,inventory_risk,40932,rideshare marketplace ROI signal 668
EVT00669,2026-03-10,ENT021,Marketplace API,manual_override,Critical,Analytics,repeat_purchase,8223,rideshare marketplace ROI signal 669
EVT00670,2026-03-11,ENT022,Ad platform,release_review,Critical,Analytics,gross_margin,17809,rideshare marketplace ROI signal 670
EVT00671,2026-03-12,ENT023,Ad platform,manual_override,High,Operations,conversion_rate,26787,rideshare marketplace ROI signal 671
EVT00672,2026-03-13,ENT024,Warehouse feed,manual_override,Critical,Merchandising,roas,55716,rideshare marketplace ROI signal 672
EVT00673,2026-03-14,ENT001,Marketplace API,manual_override,Medium,Merchandising,repeat_purchase,22752,rideshare marketplace ROI signal 673
EVT00674,2026-03-15,ENT002,Snowflake,refresh_delay,Low,Merchandising,event_completeness,20358,rideshare marketplace ROI signal 674
EVT00675,2026-03-16,ENT003,Ad platform,definition_change,Medium,Data engineering,gross_margin,49913,rideshare marketplace ROI signal 675
EVT00676,2026-03-17,ENT004,Shopify,automation_run,Medium,Growth,gross_margin,26148,rideshare marketplace ROI signal 676
EVT00677,2026-03-18,ENT005,Marketplace API,qa_failure,Critical,Data engineering,repeat_purchase,27467,rideshare marketplace ROI signal 677
EVT00678,2026-03-19,ENT006,Snowflake,release_review,High,Marketing,inventory_risk,46113,rideshare marketplace ROI signal 678
EVT00679,2026-03-20,ENT007,Snowflake,manual_override,Medium,Operations,roas,41344,rideshare marketplace ROI signal 679
EVT00680,2026-03-21,ENT008,Ad platform,stakeholder_request,High,Analytics,gross_margin,42580,rideshare marketplace ROI signal 680
EVT00681,2026-03-22,ENT009,Marketplace API,automation_run,Critical,Growth,event_completeness,32877,rideshare marketplace ROI signal 681
EVT00682,2026-03-23,ENT010,Snowflake,manual_override,Critical,Growth,inventory_risk,13447,rideshare marketplace ROI signal 682
EVT00683,2026-03-24,ENT011,Snowflake,stakeholder_request,Low,Marketing,conversion_rate,12626,rideshare marketplace ROI signal 683
EVT00684,2026-03-25,ENT012,Ad platform,definition_change,High,Operations,roas,46012,rideshare marketplace ROI signal 684
EVT00685,2026-03-26,ENT013,Ad platform,automation_run,Low,Analytics,inventory_risk,31442,rideshare marketplace ROI signal 685
EVT00686,2026-03-27,ENT014,Snowflake,release_review,Critical,Data engineering,roas,52033,rideshare marketplace ROI signal 686
EVT00687,2026-03-28,ENT015,Shopify,automation_run,Low,Operations,event_completeness,24015,rideshare marketplace ROI signal 687
EVT00688,2026-03-29,ENT016,Ad platform,refresh_delay,High,Data engineering,event_completeness,50697,rideshare marketplace ROI signal 688
EVT00689,2026-03-30,ENT017,Marketplace API,definition_change,Medium,Merchandising,event_completeness,27475,rideshare marketplace ROI signal 689
EVT00690,2026-03-31,ENT018,Warehouse feed,refresh_delay,Medium,Operations,gross_margin,22421,rideshare marketplace ROI signal 690
EVT00691,2026-04-01,ENT019,Ad platform,release_review,Critical,Growth,inventory_risk,53627,rideshare marketplace ROI signal 691
EVT00692,2026-04-02,ENT020,Shopify,manual_override,Low,Analytics,repeat_purchase,45242,rideshare marketplace ROI signal 692
EVT00693,2026-04-03,ENT021,Ad platform,automation_run,Critical,Growth,conversion_rate,24429,rideshare marketplace ROI signal 693
EVT00694,2026-04-04,ENT022,Marketplace API,stakeholder_request,High,Merchandising,event_completeness,15588,rideshare marketplace ROI signal 694
EVT00695,2026-04-05,ENT023,Marketplace API,qa_failure,Medium,Growth,gross_margin,9904,rideshare marketplace ROI signal 695
EVT00696,2026-04-06,ENT024,GA4,release_review,High,Growth,gross_margin,6053,rideshare marketplace ROI signal 696
EVT00697,2026-04-07,ENT001,Shopify,refresh_delay,Critical,Merchandising,inventory_risk,31556,rideshare marketplace ROI signal 697
EVT00698,2026-04-08,ENT002,Marketplace API,definition_change,High,Merchandising,conversion_rate,35197,rideshare marketplace ROI signal 698
EVT00699,2026-04-09,ENT003,Warehouse feed,automation_run,Critical,Marketing,gross_margin,11351,rideshare marketplace ROI signal 699
EVT00700,2026-04-10,ENT004,Shopify,qa_failure,High,Operations,event_completeness,23089,rideshare marketplace ROI signal 700
EVT00701,2026-04-11,ENT005,Marketplace API,qa_failure,High,Growth,repeat_purchase,27958,rideshare marketplace ROI signal 701
EVT00702,2026-04-12,ENT006,Ad platform,definition_change,Medium,Merchandising,conversion_rate,40081,rideshare marketplace ROI signal 702
EVT00703,2026-04-13,ENT007,Shopify,manual_override,Medium,Growth,repeat_purchase,3911,rideshare marketplace ROI signal 703
EVT00704,2026-04-14,ENT008,Marketplace API,refresh_delay,Medium,Operations,roas,42168,rideshare marketplace ROI signal 704
EVT00705,2026-04-15,ENT009,Warehouse feed,manual_override,Medium,Marketing,event_completeness,7974,rideshare marketplace ROI signal 705
EVT00706,2026-04-16,ENT010,Marketplace API,qa_failure,Medium,Marketing,conversion_rate,37089,rideshare marketplace ROI signal 706
EVT00707,2026-04-17,ENT011,Shopify,definition_change,Critical,Operations,conversion_rate,17463,rideshare marketplace ROI signal 707
EVT00708,2026-04-18,ENT012,Marketplace API,refresh_delay,Medium,Growth,conversion_rate,29460,rideshare marketplace ROI signal 708
EVT00709,2026-04-19,ENT013,Snowflake,stakeholder_request,High,Operations,gross_margin,45946,rideshare marketplace ROI signal 709
EVT00710,2026-04-20,ENT014,Shopify,release_review,Critical,Marketing,repeat_purchase,38352,rideshare marketplace ROI signal 710
EVT00711,2026-04-21,ENT015,Ad platform,manual_override,High,Operations,event_completeness,7852,rideshare marketplace ROI signal 711
EVT00712,2026-04-22,ENT016,Snowflake,manual_override,Low,Analytics,roas,420,rideshare marketplace ROI signal 712
EVT00713,2026-04-23,ENT017,GA4,manual_override,High,Analytics,event_completeness,8489,rideshare marketplace ROI signal 713
EVT00714,2026-04-24,ENT018,Shopify,stakeholder_request,High,Analytics,roas,6937,rideshare marketplace ROI signal 714
EVT00715,2026-04-25,ENT019,Ad platform,refresh_delay,Low,Analytics,conversion_rate,28174,rideshare marketplace ROI signal 715
EVT00716,2026-04-26,ENT020,GA4,qa_failure,Medium,Growth,gross_margin,37096,rideshare marketplace ROI signal 716
EVT00717,2026-04-27,ENT021,GA4,release_review,High,Marketing,event_completeness,29838,rideshare marketplace ROI signal 717
EVT00718,2026-04-28,ENT022,Marketplace API,automation_run,Low,Growth,repeat_purchase,38777,rideshare marketplace ROI signal 718
EVT00719,2026-04-29,ENT023,Ad platform,release_review,Medium,Marketing,gross_margin,47568,rideshare marketplace ROI signal 719
EVT00720,2026-04-30,ENT024,Warehouse feed,refresh_delay,Low,Merchandising,conversion_rate,45920,rideshare marketplace ROI signal 720
